"time","auc_roc","auc_emp","ci_roc_lower","ci_emp_lower","ci_roc_upper","ci_emp_upper","brier_dist","brier_pooled","n1","n2","n3","n4","n5","calibration_preds","calibration_truths","calibration_n","calibration_nas"
"2024-09-30 13:56:40.106256",0.697300971538031,0.679393481182796,0.614583738714866,0.598463111415405,0.768939906448916,0.750804261237505,0.184339869255296,0.184339869255296,51,45,55,46,53,"0.0531952178013811 - 0.149501773083811 - 0.242445642225465 - 0 - 0.149438823685723 - 0.413863447746735 - 0.540050509480302 - 0 - NaN - NaN","0.113207547169811 - 0.210526315789474 - 0.227272727272727 - 0 - 0.130434782608696 - 0.375 - 0.464285714285714 - 0 - NaN - NaN","53 - 57 - 44 - 12 - 23 - 24 - 28 - 3 - 0 - 0","0/53 - 0/57 - 0/44 - 12/12 - 15/23 - 6/24 - 4/28 - 3/3 - NaN/0 - NaN/0"
"2024-09-09 13:52:33.351378",0.697300971538031,0.679393481182796,0.614583738714866,0.598463111415405,0.768939906448916,0.750804261237505,0.184339869255296,0.184339869255296,51,45,55,46,53,"0.0531952178013811 - 0.149501773083811 - 0.242445642225465 - 0 - 0.149438823685723 - 0.413863447746735 - 0.540050509480302 - 0 - NaN - NaN","0.113207547169811 - 0.210526315789474 - 0.227272727272727 - 0 - 0.130434782608696 - 0.375 - 0.464285714285714 - 0 - NaN - NaN","53 - 57 - 44 - 12 - 23 - 24 - 28 - 3 - 0 - 0","0/53 - 0/57 - 0/44 - 12/12 - 15/23 - 6/24 - 4/28 - 3/3 - NaN/0 - NaN/0"
"2024-09-02 13:49:00.599293",0.697300971538031,0.679393481182796,0.614583738714866,0.598463111415405,0.768939906448916,0.750804261237505,0.184339869255296,0.184339869255296,51,45,55,46,53,"0.0531952178013811 - 0.149501773083811 - 0.242445642225465 - 0 - 0.149438823685723 - 0.413863447746735 - 0.540050509480302 - 0 - NaN - NaN","0.113207547169811 - 0.210526315789474 - 0.227272727272727 - 0 - 0.130434782608696 - 0.375 - 0.464285714285714 - 0 - NaN - NaN","53 - 57 - 44 - 12 - 23 - 24 - 28 - 3 - 0 - 0","0/53 - 0/57 - 0/44 - 12/12 - 15/23 - 6/24 - 4/28 - 3/3 - NaN/0 - NaN/0"
"2024-08-05 13:47:04.977033",0.697300971538031,0.679393481182796,0.614583738714866,0.598463111415405,0.768939906448916,0.750804261237505,0.184339869255296,0.184339869255296,51,45,55,46,53,"0.0531952178013811 - 0.149501773083811 - 0.242445642225465 - 0 - 0.149438823685723 - 0.413863447746735 - 0.540050509480302 - 0 - NaN - NaN","0.113207547169811 - 0.210526315789474 - 0.227272727272727 - 0 - 0.130434782608696 - 0.375 - 0.464285714285714 - 0 - NaN - NaN","53 - 57 - 44 - 12 - 23 - 24 - 28 - 3 - 0 - 0","0/53 - 0/57 - 0/44 - 12/12 - 15/23 - 6/24 - 4/28 - 3/3 - NaN/0 - NaN/0"
"2024-07-22 13:47:08.905249",0.697300971538031,0.679393481182796,0.614583738714866,0.598463111415405,0.768939906448916,0.750804261237505,0.184339869255296,0.184339869255296,51,45,55,46,53,"0.0531952178013811 - 0.149501773083811 - 0.242445642225465 - 0 - 0.149438823685723 - 0.413863447746735 - 0.540050509480302 - 0 - NaN - NaN","0.113207547169811 - 0.210526315789474 - 0.227272727272727 - 0 - 0.130434782608696 - 0.375 - 0.464285714285714 - 0 - NaN - NaN","53 - 57 - 44 - 12 - 23 - 24 - 28 - 3 - 0 - 0","0/53 - 0/57 - 0/44 - 12/12 - 15/23 - 6/24 - 4/28 - 3/3 - NaN/0 - NaN/0"
"2024-07-15 13:48:24.777842",0.697300971538031,0.679393481182796,0.614583738714866,0.598463111415405,0.768939906448916,0.750804261237505,0.184339869255296,0.184339869255296,51,45,55,46,53,"0.0531952178013811 - 0.149501773083811 - 0.242445642225465 - 0 - 0.149438823685723 - 0.413863447746735 - 0.540050509480302 - 0 - NaN - NaN","0.113207547169811 - 0.210526315789474 - 0.227272727272727 - 0 - 0.130434782608696 - 0.375 - 0.464285714285714 - 0 - NaN - NaN","53 - 57 - 44 - 12 - 23 - 24 - 28 - 3 - 0 - 0","0/53 - 0/57 - 0/44 - 12/12 - 15/23 - 6/24 - 4/28 - 3/3 - NaN/0 - NaN/0"
"2024-07-01 13:50:03.433687",0.697300971538031,0.679393481182796,0.614583738714866,0.598463111415405,0.768939906448916,0.750804261237505,0.184339869255296,0.184339869255296,51,45,55,46,53,"0.0531952178013811 - 0.149501773083811 - 0.242445642225465 - 0 - 0.149438823685723 - 0.413863447746735 - 0.540050509480302 - 0 - NaN - NaN","0.113207547169811 - 0.210526315789474 - 0.227272727272727 - 0 - 0.130434782608696 - 0.375 - 0.464285714285714 - 0 - NaN - NaN","53 - 57 - 44 - 12 - 23 - 24 - 28 - 3 - 0 - 0","0/53 - 0/57 - 0/44 - 12/12 - 15/23 - 6/24 - 4/28 - 3/3 - NaN/0 - NaN/0"
"2024-06-24 13:47:07.857665",0.697300971538031,0.679393481182796,0.614583738714866,0.598463111415405,0.768939906448916,0.750804261237505,0.184339869255296,0.184339869255296,51,45,55,46,53,"0.0531952178013811 - 0.149501773083811 - 0.242445642225465 - 0 - 0.149438823685723 - 0.413863447746735 - 0.540050509480302 - 0 - NaN - NaN","0.113207547169811 - 0.210526315789474 - 0.227272727272727 - 0 - 0.130434782608696 - 0.375 - 0.464285714285714 - 0 - NaN - NaN","53 - 57 - 44 - 12 - 23 - 24 - 28 - 3 - 0 - 0","0/53 - 0/57 - 0/44 - 12/12 - 15/23 - 6/24 - 4/28 - 3/3 - NaN/0 - NaN/0"
"2024-06-10 13:50:39.083955",0.697300971538031,0.679393481182796,0.614583738714866,0.598463111415405,0.768939906448916,0.750804261237505,0.184339869255296,0.184339869255296,51,45,55,46,53,"0.0531952178013811 - 0.149501773083811 - 0.242445642225465 - 0 - 0.149438823685723 - 0.413863447746735 - 0.540050509480302 - 0 - NaN - NaN","0.113207547169811 - 0.210526315789474 - 0.227272727272727 - 0 - 0.130434782608696 - 0.375 - 0.464285714285714 - 0 - NaN - NaN","53 - 57 - 44 - 12 - 23 - 24 - 28 - 3 - 0 - 0","0/53 - 0/57 - 0/44 - 12/12 - 15/23 - 6/24 - 4/28 - 3/3 - NaN/0 - NaN/0"
"2024-06-03 13:49:26.563777",0.697300971538031,0.679393481182796,0.614583738714866,0.598463111415405,0.768939906448916,0.750804261237505,0.184339869255296,0.184339869255296,51,45,55,46,53,"0.0531952178013811 - 0.149501773083811 - 0.242445642225465 - 0 - 0.149438823685723 - 0.413863447746735 - 0.540050509480302 - 0 - NaN - NaN","0.113207547169811 - 0.210526315789474 - 0.227272727272727 - 0 - 0.130434782608696 - 0.375 - 0.464285714285714 - 0 - NaN - NaN","53 - 57 - 44 - 12 - 23 - 24 - 28 - 3 - 0 - 0","0/53 - 0/57 - 0/44 - 12/12 - 15/23 - 6/24 - 4/28 - 3/3 - NaN/0 - NaN/0"
"2024-05-27 13:47:21.595939",0.697300971538031,0.679393481182796,0.614583738714866,0.598463111415405,0.768939906448916,0.750804261237505,0.184339869255296,0.184339869255296,51,45,55,46,53,"0.0531952178013811 - 0.149501773083811 - 0.242445642225465 - 0 - 0.149438823685723 - 0.413863447746735 - 0.540050509480302 - 0 - NaN - NaN","0.113207547169811 - 0.210526315789474 - 0.227272727272727 - 0 - 0.130434782608696 - 0.375 - 0.464285714285714 - 0 - NaN - NaN","53 - 57 - 44 - 12 - 23 - 24 - 28 - 3 - 0 - 0","0/53 - 0/57 - 0/44 - 12/12 - 15/23 - 6/24 - 4/28 - 3/3 - NaN/0 - NaN/0"
"2024-04-22 13:46:44.119579",0.697300971538031,0.679393481182796,0.614583738714866,0.598463111415405,0.768939906448916,0.750804261237505,0.184339869255296,0.184339869255296,51,45,55,46,53,"0.0531952178013811 - 0.149501773083811 - 0.242445642225465 - 0 - 0.149438823685723 - 0.413863447746735 - 0.540050509480302 - 0 - NaN - NaN","0.113207547169811 - 0.210526315789474 - 0.227272727272727 - 0 - 0.130434782608696 - 0.375 - 0.464285714285714 - 0 - NaN - NaN","53 - 57 - 44 - 12 - 23 - 24 - 28 - 3 - 0 - 0","0/53 - 0/57 - 0/44 - 12/12 - 15/23 - 6/24 - 4/28 - 3/3 - NaN/0 - NaN/0"
"2024-04-15 13:43:39.738352",0.697300971538031,0.679393481182796,0.614583738714866,0.598463111415405,0.768939906448916,0.750804261237505,0.184339869255296,0.184339869255296,51,45,55,46,53,"0.0531952178013811 - 0.149501773083811 - 0.242445642225465 - 0 - 0.149438823685723 - 0.413863447746735 - 0.540050509480302 - 0 - NaN - NaN","0.113207547169811 - 0.210526315789474 - 0.227272727272727 - 0 - 0.130434782608696 - 0.375 - 0.464285714285714 - 0 - NaN - NaN","53 - 57 - 44 - 12 - 23 - 24 - 28 - 3 - 0 - 0","0/53 - 0/57 - 0/44 - 12/12 - 15/23 - 6/24 - 4/28 - 3/3 - NaN/0 - NaN/0"
"2024-04-08 13:44:26.01192",0.697300971538031,0.679393481182796,0.614583738714866,0.598463111415405,0.768939906448916,0.750804261237505,0.184339869255296,0.184339869255296,51,45,55,46,53,"0.0531952178013811 - 0.149501773083811 - 0.242445642225465 - 0 - 0.149438823685723 - 0.413863447746735 - 0.540050509480302 - 0 - NaN - NaN","0.113207547169811 - 0.210526315789474 - 0.227272727272727 - 0 - 0.130434782608696 - 0.375 - 0.464285714285714 - 0 - NaN - NaN","53 - 57 - 44 - 12 - 23 - 24 - 28 - 3 - 0 - 0","0/53 - 0/57 - 0/44 - 12/12 - 15/23 - 6/24 - 4/28 - 3/3 - NaN/0 - NaN/0"
"2024-03-25 13:46:02.68688",0.697300971538031,0.679393481182796,0.614583738714866,0.598463111415405,0.768939906448916,0.750804261237505,0.184339869255296,0.184339869255296,51,45,55,46,53,"0.0531952178013811 - 0.149501773083811 - 0.242445642225465 - 0 - 0.149438823685723 - 0.413863447746735 - 0.540050509480302 - 0 - NaN - NaN","0.113207547169811 - 0.210526315789474 - 0.227272727272727 - 0 - 0.130434782608696 - 0.375 - 0.464285714285714 - 0 - NaN - NaN","53 - 57 - 44 - 12 - 23 - 24 - 28 - 3 - 0 - 0","0/53 - 0/57 - 0/44 - 12/12 - 15/23 - 6/24 - 4/28 - 3/3 - NaN/0 - NaN/0"
"2024-03-24 19:14:22.379501",0.697300971538031,0.679393481182796,0.614583738714866,0.598463111415405,0.768939906448916,0.750804261237505,0.184339869255296,0.184339869255296,51,45,55,46,53,"0.0531952178013811 - 0.149501773083811 - 0.242445642225465 - 0 - 0.149438823685723 - 0.413863447746735 - 0.540050509480302 - 0 - NaN - NaN","0.113207547169811 - 0.210526315789474 - 0.227272727272727 - 0 - 0.130434782608696 - 0.375 - 0.464285714285714 - 0 - NaN - NaN","53 - 57 - 44 - 12 - 23 - 24 - 28 - 3 - 0 - 0","0/53 - 0/57 - 0/44 - 12/12 - 15/23 - 6/24 - 4/28 - 3/3 - NaN/0 - NaN/0"
"2024-03-22 18:59:35",0.697300971538031,0.679393481182796,0.614583738714866,0.598463111415405,0.768939906448916,0.750804261237505,0.184339869255296,0.184339869255296,51,45,55,46,53,"0.0531952178013811 - 0.149501773083811 - 0.242445642225465 - 0 - 0.149438823685723 - 0.413863447746735 - 0.540050509480302 - 0 - NaN - NaN","0.113207547169811 - 0.210526315789474 - 0.227272727272727 - 0 - 0.130434782608696 - 0.375 - 0.464285714285714 - 0 - NaN - NaN","53 - 57 - 44 - 12 - 23 - 24 - 28 - 3 - 0 - 0","0/53 - 0/57 - 0/44 - 12/12 - 15/23 - 6/24 - 4/28 - 3/3 - NaN/0 - NaN/0"
"2024-03-22 18:05:10",0.697300971538031,0.679393481182796,0.614583738714866,0.598463111415405,0.768939906448916,0.750804261237505,0.184339869255296,0.184339869255296,51,45,55,46,53,"0.0531952178013811 - 0.149501773083811 - 0.242445642225465 - 0 - 0.149438823685723 - 0.413863447746735 - 0.540050509480302 - 0 - NaN - NaN","0.113207547169811 - 0.210526315789474 - 0.227272727272727 - 0 - 0.130434782608696 - 0.375 - 0.464285714285714 - 0 - NaN - NaN","53 - 57 - 44 - 12 - 23 - 24 - 28 - 3 - 0 - 0","0/53 - 0/57 - 0/44 - 12/12 - 15/23 - 6/24 - 4/28 - 3/3 - NaN/0 - NaN/0"
"2024-03-18 13:44:45.624926",0.671993635660062,0.680357142857143,0.589195496905966,0.600389133584863,0.74531721210192,0.750960283397919,0.175266212411731,0.175266212411731,56,49,60,49,60,"0.0528474724189095 - 0.149713868283278 - 0.24386683649202 - 0 - 0.33611406654566 - 0.374106014080327 - 0.587943574781925 - 0 - NaN - NaN","0.103448275862069 - 0.19047619047619 - 0.196078431372549 - 0 - 0.208333333333333 - 0.36 - 0.433333333333333 - 0 - NaN - NaN","58 - 63 - 51 - 13 - 24 - 25 - 30 - 3 - 0 - 0","0/58 - 0/63 - 0/51 - 13/13 - 6/24 - 8/25 - 2/30 - 3/3 - NaN/0 - NaN/0"
"2024-03-11 13:44:43.293324",0.671993635660062,0.680357142857143,0.589195496905966,0.600389133584863,0.74531721210192,0.750960283397919,0.175266212411731,0.175266212411731,56,49,60,49,60,"0.0528474724189095 - 0.149713868283278 - 0.24386683649202 - 0 - 0.33611406654566 - 0.374106014080327 - 0.587943574781925 - 0 - NaN - NaN","0.103448275862069 - 0.19047619047619 - 0.196078431372549 - 0 - 0.208333333333333 - 0.36 - 0.433333333333333 - 0 - NaN - NaN","58 - 63 - 51 - 13 - 24 - 25 - 30 - 3 - 0 - 0","0/58 - 0/63 - 0/51 - 13/13 - 6/24 - 8/25 - 2/30 - 3/3 - NaN/0 - NaN/0"
"2024-03-04 13:46:23.219951",0.671993635660062,0.680357142857143,0.589195496905966,0.600389133584863,0.74531721210192,0.750960283397919,0.175266212411731,0.175266212411731,56,49,60,49,60,"0.0528474724189095 - 0.149713868283278 - 0.24386683649202 - 0 - 0.33611406654566 - 0.374106014080327 - 0.587943574781925 - 0 - NaN - NaN","0.103448275862069 - 0.19047619047619 - 0.196078431372549 - 0 - 0.208333333333333 - 0.36 - 0.433333333333333 - 0 - NaN - NaN","58 - 63 - 51 - 13 - 24 - 25 - 30 - 3 - 0 - 0","0/58 - 0/63 - 0/51 - 13/13 - 6/24 - 8/25 - 2/30 - 3/3 - NaN/0 - NaN/0"
"2024-02-26 13:43:31.540263",0.671993635660062,0.680357142857143,0.589195496905967,0.600389133584863,0.74531721210192,0.750960283397919,0.175266212411731,0.175266212411731,56,49,60,49,60,"0.0528474724189095 - 0.149713868283278 - 0.24386683649202 - 0 - 0.33611406654566 - 0.374106014080327 - 0.587943574781925 - 0 - NaN - NaN","0.103448275862069 - 0.19047619047619 - 0.196078431372549 - 0 - 0.208333333333333 - 0.36 - 0.433333333333333 - 0 - NaN - NaN","58 - 63 - 51 - 13 - 24 - 25 - 30 - 3 - 0 - 0","0/58 - 0/63 - 0/51 - 13/13 - 6/24 - 8/25 - 2/30 - 3/3 - NaN/0 - NaN/0"
"2024-02-19 13:46:51.971914",0.671993635660062,0.680357142857143,0.589195496905966,0.600389133584863,0.74531721210192,0.750960283397919,0.175266212411731,0.175266212411731,56,49,60,49,60,"0.0528474724189095 - 0.149713868283278 - 0.24386683649202 - 0 - 0.33611406654566 - 0.374106014080327 - 0.587943574781925 - 0 - NaN - NaN","0.103448275862069 - 0.19047619047619 - 0.196078431372549 - 0 - 0.208333333333333 - 0.36 - 0.433333333333333 - 0 - NaN - NaN","58 - 63 - 51 - 13 - 24 - 25 - 30 - 3 - 0 - 0","0/58 - 0/63 - 0/51 - 13/13 - 6/24 - 8/25 - 2/30 - 3/3 - NaN/0 - NaN/0"
"2024-02-12 13:45:34.461498",0.671993635660062,0.680357142857143,0.589195496905966,0.600389133584863,0.74531721210192,0.750960283397919,0.175266212411731,0.175266212411731,56,49,60,49,60,"0.0528474724189095 - 0.149713868283278 - 0.24386683649202 - 0 - 0.33611406654566 - 0.374106014080327 - 0.587943574781925 - 0 - NaN - NaN","0.103448275862069 - 0.19047619047619 - 0.196078431372549 - 0 - 0.208333333333333 - 0.36 - 0.433333333333333 - 0 - NaN - NaN","58 - 63 - 51 - 13 - 24 - 25 - 30 - 3 - 0 - 0","0/58 - 0/63 - 0/51 - 13/13 - 6/24 - 8/25 - 2/30 - 3/3 - NaN/0 - NaN/0"
"2024-01-29 13:46:28.493314",0.671993635660062,0.680357142857143,0.589195496905966,0.600389133584863,0.74531721210192,0.750960283397919,0.175266212411731,0.175266212411731,56,49,60,49,60,"0.0528474724189095 - 0.149713868283278 - 0.24386683649202 - 0 - 0.33611406654566 - 0.374106014080327 - 0.587943574781925 - 0 - NaN - NaN","0.103448275862069 - 0.19047619047619 - 0.196078431372549 - 0 - 0.208333333333333 - 0.36 - 0.433333333333333 - 0 - NaN - NaN","58 - 63 - 51 - 13 - 24 - 25 - 30 - 3 - 0 - 0","0/58 - 0/63 - 0/51 - 13/13 - 6/24 - 8/25 - 2/30 - 3/3 - NaN/0 - NaN/0"
"2024-01-22 13:49:40.502995",0.671993635660062,0.680357142857143,0.589195496905966,0.600389133584863,0.74531721210192,0.750960283397919,0.175266212411731,0.175266212411731,56,49,60,49,60,"0.0528474724189095 - 0.149713868283278 - 0.24386683649202 - 0 - 0.33611406654566 - 0.374106014080327 - 0.587943574781925 - 0 - NaN - NaN","0.103448275862069 - 0.19047619047619 - 0.196078431372549 - 0 - 0.208333333333333 - 0.36 - 0.433333333333333 - 0 - NaN - NaN","58 - 63 - 51 - 13 - 24 - 25 - 30 - 3 - 0 - 0","0/58 - 0/63 - 0/51 - 13/13 - 6/24 - 8/25 - 2/30 - 3/3 - NaN/0 - NaN/0"
"2024-01-15 13:48:37.559147",0.671993635660062,0.680357142857143,0.589195496905966,0.600389133584863,0.74531721210192,0.750960283397919,0.175266212411731,0.175266212411731,56,49,60,49,60,"0.0528474724189095 - 0.149713868283278 - 0.24386683649202 - 0 - 0.33611406654566 - 0.374106014080327 - 0.587943574781925 - 0 - NaN - NaN","0.103448275862069 - 0.19047619047619 - 0.196078431372549 - 0 - 0.208333333333333 - 0.36 - 0.433333333333333 - 0 - NaN - NaN","58 - 63 - 51 - 13 - 24 - 25 - 30 - 3 - 0 - 0","0/58 - 0/63 - 0/51 - 13/13 - 6/24 - 8/25 - 2/30 - 3/3 - NaN/0 - NaN/0"
"2024-01-08 13:48:37.468318",0.671993635660062,0.680357142857143,0.589195496905966,0.600389133584863,0.74531721210192,0.750960283397919,0.175266212411731,0.175266212411731,56,49,60,49,60,"0.0528474724189095 - 0.149713868283278 - 0.24386683649202 - 0 - 0.33611406654566 - 0.374106014080327 - 0.587943574781925 - 0 - NaN - NaN","0.103448275862069 - 0.19047619047619 - 0.196078431372549 - 0 - 0.208333333333333 - 0.36 - 0.433333333333333 - 0 - NaN - NaN","58 - 63 - 51 - 13 - 24 - 25 - 30 - 3 - 0 - 0","0/58 - 0/63 - 0/51 - 13/13 - 6/24 - 8/25 - 2/30 - 3/3 - NaN/0 - NaN/0"
"2024-01-01 13:46:55.178463",0.671993635660062,0.680357142857143,0.589195496905966,0.600389133584863,0.74531721210192,0.750960283397919,0.175266212411731,0.175266212411731,56,49,60,49,60,"0.0528474724189095 - 0.149713868283278 - 0.24386683649202 - 0 - 0.33611406654566 - 0.374106014080327 - 0.587943574781925 - 0 - NaN - NaN","0.103448275862069 - 0.19047619047619 - 0.196078431372549 - 0 - 0.208333333333333 - 0.36 - 0.433333333333333 - 0 - NaN - NaN","58 - 63 - 51 - 13 - 24 - 25 - 30 - 3 - 0 - 0","0/58 - 0/63 - 0/51 - 13/13 - 6/24 - 8/25 - 2/30 - 3/3 - NaN/0 - NaN/0"
"2023-12-25 13:46:31.948121",0.671993635660062,0.680357142857143,0.589195496905966,0.600389133584863,0.74531721210192,0.750960283397919,0.175266212411731,0.175266212411731,56,49,60,49,60,"0.0528474724189095 - 0.149713868283278 - 0.24386683649202 - 0 - 0.33611406654566 - 0.374106014080327 - 0.587943574781925 - 0 - NaN - NaN","0.103448275862069 - 0.19047619047619 - 0.196078431372549 - 0 - 0.208333333333333 - 0.36 - 0.433333333333333 - 0 - NaN - NaN","58 - 63 - 51 - 13 - 24 - 25 - 30 - 3 - 0 - 0","0/58 - 0/63 - 0/51 - 13/13 - 6/24 - 8/25 - 2/30 - 3/3 - NaN/0 - NaN/0"
"2023-12-18 13:46:55.470415",0.671993635660062,0.680357142857143,0.589195496905966,0.600389133584863,0.74531721210192,0.750960283397919,0.175266212411731,0.175266212411731,56,49,60,49,60,"0.0528474724189095 - 0.149713868283278 - 0.24386683649202 - 0 - 0.33611406654566 - 0.374106014080327 - 0.587943574781925 - 0 - NaN - NaN","0.103448275862069 - 0.19047619047619 - 0.196078431372549 - 0 - 0.208333333333333 - 0.36 - 0.433333333333333 - 0 - NaN - NaN","58 - 63 - 51 - 13 - 24 - 25 - 30 - 3 - 0 - 0","0/58 - 0/63 - 0/51 - 13/13 - 6/24 - 8/25 - 2/30 - 3/3 - NaN/0 - NaN/0"
"2023-12-04 13:47:22.193794",0.671993635660062,0.680357142857143,0.589195496905966,0.600389133584863,0.74531721210192,0.750960283397919,0.175266212411731,0.175266212411731,56,49,60,49,60,"0.0528474724189095 - 0.149713868283278 - 0.24386683649202 - 0 - 0.33611406654566 - 0.374106014080327 - 0.587943574781925 - 0 - NaN - NaN","0.103448275862069 - 0.19047619047619 - 0.196078431372549 - 0 - 0.208333333333333 - 0.36 - 0.433333333333333 - 0 - NaN - NaN","58 - 63 - 51 - 13 - 24 - 25 - 30 - 3 - 0 - 0","0/58 - 0/63 - 0/51 - 13/13 - 6/24 - 8/25 - 2/30 - 3/3 - NaN/0 - NaN/0"
"2023-11-13 13:50:32.645532",0.671993635660062,0.680357142857143,0.589195496905966,0.600389133584863,0.74531721210192,0.750960283397919,0.175266212411731,0.175266212411731,56,49,60,49,60,"0.0528474724189095 - 0.149713868283278 - 0.24386683649202 - 0 - 0.33611406654566 - 0.374106014080327 - 0.587943574781925 - 0 - NaN - NaN","0.103448275862069 - 0.19047619047619 - 0.196078431372549 - 0 - 0.208333333333333 - 0.36 - 0.433333333333333 - 0 - NaN - NaN","58 - 63 - 51 - 13 - 24 - 25 - 30 - 3 - 0 - 0","0/58 - 0/63 - 0/51 - 13/13 - 6/24 - 8/25 - 2/30 - 3/3 - NaN/0 - NaN/0"
"2023-11-06 14:05:11.711466",0.687451222208746,0.691852678571429,0.60506493958746,0.613149626392989,0.759482827300928,0.760790648526349,0.173321725275562,0.173321725275562,56,49,60,49,60,"0.055730039844286 - 0.151586390011637 - 0.248952572215245 - 0.2332631687941 - 0.280373535843608 - 0.468860898437471 - 0.590421291162716 - 0 - NaN - NaN","0.0701754385964912 - 0.196428571428571 - 0.226415094339623 - 0.2 - 0.125 - 0.333333333333333 - 0.464285714285714 - 0 - NaN - NaN","57 - 56 - 53 - 15 - 24 - 27 - 28 - 2 - 0 - 0","0/57 - 0/56 - 0/53 - 5/15 - 9/24 - 4/27 - 2/28 - 2/2 - NaN/0 - NaN/0"
"2023-10-30 13:58:24.42711",0.687451222208746,0.691852678571429,0.60506493958746,0.613149626392989,0.759482827300928,0.760790648526349,0.173321725275562,0.173321725275562,56,49,60,49,60,"0.055730039844286 - 0.151586390011637 - 0.248952572215245 - 0.2332631687941 - 0.280373535843608 - 0.468860898437471 - 0.590421291162716 - 0 - NaN - NaN","0.0701754385964912 - 0.196428571428571 - 0.226415094339623 - 0.2 - 0.125 - 0.333333333333333 - 0.464285714285714 - 0 - NaN - NaN","57 - 56 - 53 - 15 - 24 - 27 - 28 - 2 - 0 - 0","0/57 - 0/56 - 0/53 - 5/15 - 9/24 - 4/27 - 2/28 - 2/2 - NaN/0 - NaN/0"
"2023-10-23 14:05:16.612096",0.687451222208746,0.691852678571429,0.60506493958746,0.613149626392989,0.759482827300928,0.760790648526349,0.173321725275562,0.173321725275562,56,49,60,49,60,"0.055730039844286 - 0.151586390011637 - 0.248952572215245 - 0.2332631687941 - 0.280373535843608 - 0.468860898437471 - 0.590421291162716 - 0 - NaN - NaN","0.0701754385964912 - 0.196428571428571 - 0.226415094339623 - 0.2 - 0.125 - 0.333333333333333 - 0.464285714285714 - 0 - NaN - NaN","57 - 56 - 53 - 15 - 24 - 27 - 28 - 2 - 0 - 0","0/57 - 0/56 - 0/53 - 5/15 - 9/24 - 4/27 - 2/28 - 2/2 - NaN/0 - NaN/0"
"2023-10-09 14:06:25.967039",0.687451222208746,0.691852678571429,0.60506493958746,0.613149626392989,0.759482827300928,0.760790648526349,0.173321725275562,0.173321725275562,56,49,60,49,60,"0.055730039844286 - 0.151586390011637 - 0.248952572215245 - 0.2332631687941 - 0.280373535843608 - 0.468860898437471 - 0.590421291162716 - 0 - NaN - NaN","0.0701754385964912 - 0.196428571428571 - 0.226415094339623 - 0.2 - 0.125 - 0.333333333333333 - 0.464285714285714 - 0 - NaN - NaN","57 - 56 - 53 - 15 - 24 - 27 - 28 - 2 - 0 - 0","0/57 - 0/56 - 0/53 - 5/15 - 9/24 - 4/27 - 2/28 - 2/2 - NaN/0 - NaN/0"
"2023-10-02 14:09:29.672441",0.687451222208746,0.691852678571429,0.60506493958746,0.613149626392989,0.759482827300928,0.760790648526349,0.173321725275562,0.173321725275562,56,49,60,49,60,"0.055730039844286 - 0.151586390011637 - 0.248952572215245 - 0.2332631687941 - 0.280373535843608 - 0.468860898437471 - 0.590421291162716 - 0 - NaN - NaN","0.0701754385964912 - 0.196428571428571 - 0.226415094339623 - 0.2 - 0.125 - 0.333333333333333 - 0.464285714285714 - 0 - NaN - NaN","57 - 56 - 53 - 15 - 24 - 27 - 28 - 2 - 0 - 0","0/57 - 0/56 - 0/53 - 5/15 - 9/24 - 4/27 - 2/28 - 2/2 - NaN/0 - NaN/0"
"2023-09-25 13:57:55.741256",0.687451222208746,0.691852678571429,0.60506493958746,0.613149626392989,0.759482827300928,0.760790648526349,0.173321725275562,0.173321725275562,56,49,60,49,60,"0.055730039844286 - 0.151586390011637 - 0.248952572215245 - 0.2332631687941 - 0.280373535843608 - 0.468860898437471 - 0.590421291162716 - 0 - NaN - NaN","0.0701754385964912 - 0.196428571428571 - 0.226415094339623 - 0.2 - 0.125 - 0.333333333333333 - 0.464285714285714 - 0 - NaN - NaN","57 - 56 - 53 - 15 - 24 - 27 - 28 - 2 - 0 - 0","0/57 - 0/56 - 0/53 - 5/15 - 9/24 - 4/27 - 2/28 - 2/2 - NaN/0 - NaN/0"
"2023-09-18 13:53:58.486999",0.687451222208746,0.691852678571429,0.60506493958746,0.613149626392989,0.759482827300928,0.760790648526349,0.173321725275562,0.173321725275562,56,49,60,49,60,"0.055730039844286 - 0.151586390011637 - 0.248952572215245 - 0.2332631687941 - 0.280373535843608 - 0.468860898437471 - 0.590421291162716 - 0 - NaN - NaN","0.0701754385964912 - 0.196428571428571 - 0.226415094339623 - 0.2 - 0.125 - 0.333333333333333 - 0.464285714285714 - 0 - NaN - NaN","57 - 56 - 53 - 15 - 24 - 27 - 28 - 2 - 0 - 0","0/57 - 0/56 - 0/53 - 5/15 - 9/24 - 4/27 - 2/28 - 2/2 - NaN/0 - NaN/0"
"2023-08-28 13:58:46.836389",0.687451222208746,0.691852678571429,0.60506493958746,0.613149626392989,0.759482827300928,0.760790648526349,0.173321725275562,0.173321725275562,56,49,60,49,60,"0.055730039844286 - 0.151586390011637 - 0.248952572215245 - 0.2332631687941 - 0.280373535843608 - 0.468860898437471 - 0.590421291162716 - 0 - NaN - NaN","0.0701754385964912 - 0.196428571428571 - 0.226415094339623 - 0.2 - 0.125 - 0.333333333333333 - 0.464285714285714 - 0 - NaN - NaN","57 - 56 - 53 - 15 - 24 - 27 - 28 - 2 - 0 - 0","0/57 - 0/56 - 0/53 - 5/15 - 9/24 - 4/27 - 2/28 - 2/2 - NaN/0 - NaN/0"
"2023-08-21 14:11:19.430039",0.687451222208746,0.691852678571429,0.60506493958746,0.613149626392989,0.759482827300928,0.760790648526349,0.173321725275562,0.173321725275562,56,49,60,49,60,"0.055730039844286 - 0.151586390011637 - 0.248952572215245 - 0.2332631687941 - 0.280373535843608 - 0.468860898437471 - 0.590421291162716 - 0 - NaN - NaN","0.0701754385964912 - 0.196428571428571 - 0.226415094339623 - 0.2 - 0.125 - 0.333333333333333 - 0.464285714285714 - 0 - NaN - NaN","57 - 56 - 53 - 15 - 24 - 27 - 28 - 2 - 0 - 0","0/57 - 0/56 - 0/53 - 5/15 - 9/24 - 4/27 - 2/28 - 2/2 - NaN/0 - NaN/0"
"2023-08-07 14:07:40.336569",0.687451222208746,0.691852678571429,0.60506493958746,0.613149626392989,0.759482827300928,0.760790648526349,0.173321725275562,0.173321725275562,56,49,60,49,60,"0.055730039844286 - 0.151586390011637 - 0.248952572215245 - 0.2332631687941 - 0.280373535843608 - 0.468860898437471 - 0.590421291162716 - 0 - NaN - NaN","0.0701754385964912 - 0.196428571428571 - 0.226415094339623 - 0.2 - 0.125 - 0.333333333333333 - 0.464285714285714 - 0 - NaN - NaN","57 - 56 - 53 - 15 - 24 - 27 - 28 - 2 - 0 - 0","0/57 - 0/56 - 0/53 - 5/15 - 9/24 - 4/27 - 2/28 - 2/2 - NaN/0 - NaN/0"
"2023-07-31 14:00:42.538564",0.687451222208746,0.691852678571429,0.60506493958746,0.613149626392989,0.759482827300928,0.760790648526349,0.173321725275562,0.173321725275562,56,49,60,49,60,"0.055730039844286 - 0.151586390011637 - 0.248952572215245 - 0.2332631687941 - 0.280373535843608 - 0.468860898437471 - 0.590421291162716 - 0 - NaN - NaN","0.0701754385964912 - 0.196428571428571 - 0.226415094339623 - 0.2 - 0.125 - 0.333333333333333 - 0.464285714285714 - 0 - NaN - NaN","57 - 56 - 53 - 15 - 24 - 27 - 28 - 2 - 0 - 0","0/57 - 0/56 - 0/53 - 5/15 - 9/24 - 4/27 - 2/28 - 2/2 - NaN/0 - NaN/0"
"2023-07-17 14:14:39.698093",0.687451222208746,0.691852678571429,0.60506493958746,0.613149626392989,0.759482827300928,0.760790648526349,0.173321725275562,0.173321725275562,56,49,60,49,60,"0.055730039844286 - 0.151586390011637 - 0.248952572215245 - 0.2332631687941 - 0.280373535843608 - 0.468860898437471 - 0.590421291162716 - 0 - NaN - NaN","0.0701754385964912 - 0.196428571428571 - 0.226415094339623 - 0.2 - 0.125 - 0.333333333333333 - 0.464285714285714 - 0 - NaN - NaN","57 - 56 - 53 - 15 - 24 - 27 - 28 - 2 - 0 - 0","0/57 - 0/56 - 0/53 - 5/15 - 9/24 - 4/27 - 2/28 - 2/2 - NaN/0 - NaN/0"
"2023-06-26 14:20:51.474058",0.687451222208746,0.691852678571429,0.60506493958746,0.613149626392989,0.759482827300928,0.760790648526349,0.173321725275562,0.173321725275562,56,49,60,49,60,"0.055730039844286 - 0.151586390011637 - 0.248952572215245 - 0.2332631687941 - 0.280373535843608 - 0.468860898437471 - 0.590421291162716 - 0 - NaN - NaN","0.0701754385964912 - 0.196428571428571 - 0.226415094339623 - 0.2 - 0.125 - 0.333333333333333 - 0.464285714285714 - 0 - NaN - NaN","57 - 56 - 53 - 15 - 24 - 27 - 28 - 2 - 0 - 0","0/57 - 0/56 - 0/53 - 5/15 - 9/24 - 4/27 - 2/28 - 2/2 - NaN/0 - NaN/0"
"2023-06-19 14:06:23.135847",0.687451222208746,0.691852678571429,0.60506493958746,0.613149626392989,0.759482827300928,0.760790648526349,0.173321725275562,0.173321725275562,56,49,60,49,60,"0.055730039844286 - 0.151586390011637 - 0.248952572215245 - 0.2332631687941 - 0.280373535843608 - 0.468860898437471 - 0.590421291162716 - 0 - NaN - NaN","0.0701754385964912 - 0.196428571428571 - 0.226415094339623 - 0.2 - 0.125 - 0.333333333333333 - 0.464285714285714 - 0 - NaN - NaN","57 - 56 - 53 - 15 - 24 - 27 - 28 - 2 - 0 - 0","0/57 - 0/56 - 0/53 - 5/15 - 9/24 - 4/27 - 2/28 - 2/2 - NaN/0 - NaN/0"
"2023-06-05 14:08:42.603009",0.687451222208746,0.691852678571429,0.605064939587459,0.613149626392989,0.759482827300928,0.760790648526349,0.173321725275562,0.173321725275562,56,49,60,49,60,"0.055730039844286 - 0.151586390011637 - 0.248952572215245 - 0.2332631687941 - 0.280373535843608 - 0.468860898437471 - 0.590421291162716 - 0 - NaN - NaN","0.0701754385964912 - 0.196428571428571 - 0.226415094339623 - 0.2 - 0.125 - 0.333333333333333 - 0.464285714285714 - 0 - NaN - NaN","57 - 56 - 53 - 15 - 24 - 27 - 28 - 2 - 0 - 0","0/57 - 0/56 - 0/53 - 5/15 - 9/24 - 4/27 - 2/28 - 2/2 - NaN/0 - NaN/0"
"2023-05-29 13:59:40.020873",0.687451222208746,0.691852678571429,0.60506493958746,0.613149626392989,0.759482827300928,0.760790648526349,0.173321725275562,0.173321725275562,56,49,60,49,60,"0.055730039844286 - 0.151586390011637 - 0.248952572215245 - 0.2332631687941 - 0.280373535843608 - 0.468860898437471 - 0.590421291162716 - 0 - NaN - NaN","0.0701754385964912 - 0.196428571428571 - 0.226415094339623 - 0.2 - 0.125 - 0.333333333333333 - 0.464285714285714 - 0 - NaN - NaN","57 - 56 - 53 - 15 - 24 - 27 - 28 - 2 - 0 - 0","0/57 - 0/56 - 0/53 - 5/15 - 9/24 - 4/27 - 2/28 - 2/2 - NaN/0 - NaN/0"
"2023-05-22 14:10:28.887101",0.687451222208746,0.691852678571429,0.60506493958746,0.613149626392989,0.759482827300928,0.760790648526349,0.173321725275562,0.173321725275562,56,49,60,49,60,"0.055730039844286 - 0.151586390011637 - 0.248952572215245 - 0.2332631687941 - 0.280373535843608 - 0.468860898437471 - 0.590421291162716 - 0 - NaN - NaN","0.0701754385964912 - 0.196428571428571 - 0.226415094339623 - 0.2 - 0.125 - 0.333333333333333 - 0.464285714285714 - 0 - NaN - NaN","57 - 56 - 53 - 15 - 24 - 27 - 28 - 2 - 0 - 0","0/57 - 0/56 - 0/53 - 5/15 - 9/24 - 4/27 - 2/28 - 2/2 - NaN/0 - NaN/0"
"2023-05-15 14:09:27.429082",0.687451222208746,0.691852678571429,0.60506493958746,0.613149626392989,0.759482827300928,0.760790648526349,0.173321725275562,0.173321725275562,56,49,60,49,60,"0.055730039844286 - 0.151586390011637 - 0.248952572215245 - 0.2332631687941 - 0.280373535843608 - 0.468860898437471 - 0.590421291162716 - 0 - NaN - NaN","0.0701754385964912 - 0.196428571428571 - 0.226415094339623 - 0.2 - 0.125 - 0.333333333333333 - 0.464285714285714 - 0 - NaN - NaN","57 - 56 - 53 - 15 - 24 - 27 - 28 - 2 - 0 - 0","0/57 - 0/56 - 0/53 - 5/15 - 9/24 - 4/27 - 2/28 - 2/2 - NaN/0 - NaN/0"
"2023-05-08 14:01:00.843726",0.687451222208746,0.691852678571429,0.60506493958746,0.613149626392989,0.759482827300928,0.760790648526349,0.173321725275562,0.173321725275562,56,49,60,49,60,"0.055730039844286 - 0.151586390011637 - 0.248952572215245 - 0.2332631687941 - 0.280373535843608 - 0.468860898437471 - 0.590421291162716 - 0 - NaN - NaN","0.0701754385964912 - 0.196428571428571 - 0.226415094339623 - 0.2 - 0.125 - 0.333333333333333 - 0.464285714285714 - 0 - NaN - NaN","57 - 56 - 53 - 15 - 24 - 27 - 28 - 2 - 0 - 0","0/57 - 0/56 - 0/53 - 5/15 - 9/24 - 4/27 - 2/28 - 2/2 - NaN/0 - NaN/0"
"2023-04-24 14:10:58.21366",0.687451222208746,0.691852678571429,0.605064939587459,0.613149626392989,0.759482827300928,0.760790648526349,0.173321725275562,0.173321725275562,56,49,60,49,60,"0.055730039844286 - 0.151586390011637 - 0.248952572215245 - 0.2332631687941 - 0.280373535843608 - 0.468860898437471 - 0.590421291162716 - 0 - NaN - NaN","0.0701754385964912 - 0.196428571428571 - 0.226415094339623 - 0.2 - 0.125 - 0.333333333333333 - 0.464285714285714 - 0 - NaN - NaN","57 - 56 - 53 - 15 - 24 - 27 - 28 - 2 - 0 - 0","0/57 - 0/56 - 0/53 - 5/15 - 9/24 - 4/27 - 2/28 - 2/2 - NaN/0 - NaN/0"
"2023-04-17 14:01:29",0.687451222208746,0.691852678571429,0.60506493958746,0.613149626392989,0.759482827300928,0.760790648526349,0.173321725275562,0.173321725275562,56,49,60,49,60,"0.055730039844286 - 0.151586390011637 - 0.248952572215245 - 0.2332631687941 - 0.280373535843608 - 0.468860898437471 - 0.590421291162716 - 0 - NaN - NaN","0.0701754385964912 - 0.196428571428571 - 0.226415094339623 - 0.2 - 0.125 - 0.333333333333333 - 0.464285714285714 - 0 - NaN - NaN","57 - 56 - 53 - 15 - 24 - 27 - 28 - 2 - 0 - 0","0/57 - 0/56 - 0/53 - 5/15 - 9/24 - 4/27 - 2/28 - 2/2 - NaN/0 - NaN/0"
"2023-04-03 14:07:39",0.687451222208746,0.691852678571429,0.60506493958746,0.613149626392989,0.759482827300928,0.760790648526349,0.173321725275562,0.173321725275562,56,49,60,49,60,"0.055730039844286 - 0.151586390011637 - 0.248952572215245 - 0.2332631687941 - 0.280373535843608 - 0.468860898437471 - 0.590421291162716 - 0 - NaN - NaN","0.0701754385964912 - 0.196428571428571 - 0.226415094339623 - 0.2 - 0.125 - 0.333333333333333 - 0.464285714285714 - 0 - NaN - NaN","57 - 56 - 53 - 15 - 24 - 27 - 28 - 2 - 0 - 0","0/57 - 0/56 - 0/53 - 5/15 - 9/24 - 4/27 - 2/28 - 2/2 - NaN/0 - NaN/0"
"2023-03-20 14:06:57",0.687451222208746,0.691852678571429,0.60506493958746,0.613149626392989,0.759482827300928,0.760790648526349,0.173321725275562,0.173321725275562,56,49,60,49,60,"0.055730039844286 - 0.151586390011637 - 0.248952572215245 - 0.2332631687941 - 0.280373535843608 - 0.468860898437471 - 0.590421291162716 - 0 - NaN - NaN","0.0701754385964912 - 0.196428571428571 - 0.226415094339623 - 0.2 - 0.125 - 0.333333333333333 - 0.464285714285714 - 0 - NaN - NaN","57 - 56 - 53 - 15 - 24 - 27 - 28 - 2 - 0 - 0","0/57 - 0/56 - 0/53 - 5/15 - 9/24 - 4/27 - 2/28 - 2/2 - NaN/0 - NaN/0"
"2023-03-13 14:04:25",0.687451222208746,0.691852678571429,0.60506493958746,0.613149626392989,0.759482827300928,0.760790648526349,0.173321725275562,0.173321725275562,56,49,60,49,60,"0.055730039844286 - 0.151586390011637 - 0.248952572215245 - 0.2332631687941 - 0.280373535843608 - 0.468860898437471 - 0.590421291162716 - 0 - NaN - NaN","0.0701754385964912 - 0.196428571428571 - 0.226415094339623 - 0.2 - 0.125 - 0.333333333333333 - 0.464285714285714 - 0 - NaN - NaN","57 - 56 - 53 - 15 - 24 - 27 - 28 - 2 - 0 - 0","0/57 - 0/56 - 0/53 - 5/15 - 9/24 - 4/27 - 2/28 - 2/2 - NaN/0 - NaN/0"
"2023-03-06 14:08:47",0.687451222208746,0.691852678571429,0.60506493958746,0.613149626392989,0.759482827300928,0.760790648526349,0.173321725275562,0.173321725275562,56,49,60,49,60,"0.055730039844286 - 0.151586390011637 - 0.248952572215245 - 0.2332631687941 - 0.280373535843608 - 0.468860898437471 - 0.590421291162716 - 0 - NaN - NaN","0.0701754385964912 - 0.196428571428571 - 0.226415094339623 - 0.2 - 0.125 - 0.333333333333333 - 0.464285714285714 - 0 - NaN - NaN","57 - 56 - 53 - 15 - 24 - 27 - 28 - 2 - 0 - 0","0/57 - 0/56 - 0/53 - 5/15 - 9/24 - 4/27 - 2/28 - 2/2 - NaN/0 - NaN/0"
"2023-02-13 14:06:58",0.687451222208746,0.691852678571429,0.605064939587459,0.613149626392989,0.759482827300928,0.760790648526349,0.173321725275562,0.173321725275562,56,49,60,49,60,"0.055730039844286 - 0.151586390011637 - 0.248952572215245 - 0.2332631687941 - 0.280373535843608 - 0.468860898437471 - 0.590421291162716 - 0 - NaN - NaN","0.0701754385964912 - 0.196428571428571 - 0.226415094339623 - 0.2 - 0.125 - 0.333333333333333 - 0.464285714285714 - 0 - NaN - NaN","57 - 56 - 53 - 15 - 24 - 27 - 28 - 2 - 0 - 0","0/57 - 0/56 - 0/53 - 5/15 - 9/24 - 4/27 - 2/28 - 2/2 - NaN/0 - NaN/0"
"2023-01-30 14:12:33",0.687451222208746,0.691852678571429,0.60506493958746,0.613149626392989,0.759482827300928,0.760790648526349,0.173321725275562,0.173321725275562,56,49,60,49,60,"0.055730039844286 - 0.151586390011637 - 0.248952572215245 - 0.2332631687941 - 0.280373535843608 - 0.468860898437471 - 0.590421291162716 - 0 - NaN - NaN","0.0701754385964912 - 0.196428571428571 - 0.226415094339623 - 0.2 - 0.125 - 0.333333333333333 - 0.464285714285714 - 0 - NaN - NaN","57 - 56 - 53 - 15 - 24 - 27 - 28 - 2 - 0 - 0","0/57 - 0/56 - 0/53 - 5/15 - 9/24 - 4/27 - 2/28 - 2/2 - NaN/0 - NaN/0"
"2023-01-23 14:09:10",0.687451222208746,0.691852678571429,0.60506493958746,0.613149626392989,0.759482827300928,0.760790648526349,0.173321725275562,0.173321725275562,56,49,60,49,60,"0.055730039844286 - 0.151586390011637 - 0.248952572215245 - 0.2332631687941 - 0.280373535843608 - 0.468860898437471 - 0.590421291162716 - 0 - NaN - NaN","0.0701754385964912 - 0.196428571428571 - 0.226415094339623 - 0.2 - 0.125 - 0.333333333333333 - 0.464285714285714 - 0 - NaN - NaN","57 - 56 - 53 - 15 - 24 - 27 - 28 - 2 - 0 - 0","0/57 - 0/56 - 0/53 - 5/15 - 9/24 - 4/27 - 2/28 - 2/2 - NaN/0 - NaN/0"
"2023-01-16 14:16:36",0.687451222208746,0.691852678571429,0.60506493958746,0.613149626392989,0.759482827300928,0.760790648526349,0.173321725275562,0.173321725275562,56,49,60,49,60,"0.055730039844286 - 0.151586390011637 - 0.248952572215245 - 0.2332631687941 - 0.280373535843608 - 0.468860898437471 - 0.590421291162716 - 0 - NaN - NaN","0.0701754385964912 - 0.196428571428571 - 0.226415094339623 - 0.2 - 0.125 - 0.333333333333333 - 0.464285714285714 - 0 - NaN - NaN","57 - 56 - 53 - 15 - 24 - 27 - 28 - 2 - 0 - 0","0/57 - 0/56 - 0/53 - 5/15 - 9/24 - 4/27 - 2/28 - 2/2 - NaN/0 - NaN/0"
"2023-01-02 14:10:01",0.687451222208746,0.691852678571429,0.605064939587459,0.613149626392989,0.759482827300928,0.760790648526349,0.173321725275562,0.173321725275562,56,49,60,49,60,"0.055730039844286 - 0.151586390011637 - 0.248952572215245 - 0.2332631687941 - 0.280373535843608 - 0.468860898437471 - 0.590421291162716 - 0 - NaN - NaN","0.0701754385964912 - 0.196428571428571 - 0.226415094339623 - 0.2 - 0.125 - 0.333333333333333 - 0.464285714285714 - 0 - NaN - NaN","57 - 56 - 53 - 15 - 24 - 27 - 28 - 2 - 0 - 0","0/57 - 0/56 - 0/53 - 5/15 - 9/24 - 4/27 - 2/28 - 2/2 - NaN/0 - NaN/0"
"2022-12-26 14:04:59",0.687451222208746,0.691852678571429,0.60506493958746,0.613149626392989,0.759482827300928,0.760790648526349,0.173321725275562,0.173321725275562,56,49,60,49,60,"0.055730039844286 - 0.151586390011637 - 0.248952572215245 - 0.2332631687941 - 0.280373535843608 - 0.468860898437471 - 0.590421291162716 - 0 - NaN - NaN","0.0701754385964912 - 0.196428571428571 - 0.226415094339623 - 0.2 - 0.125 - 0.333333333333333 - 0.464285714285714 - 0 - NaN - NaN","57 - 56 - 53 - 15 - 24 - 27 - 28 - 2 - 0 - 0","0/57 - 0/56 - 0/53 - 5/15 - 9/24 - 4/27 - 2/28 - 2/2 - NaN/0 - NaN/0"
"2022-12-20 09:03:12",0.687451222208746,0.691852678571429,0.605064939587459,0.613149626392989,0.759482827300928,0.760790648526349,0.173321725275562,0.173321725275562,56,49,60,49,60,"0.055730039844286 - 0.151586390011637 - 0.248952572215245 - 0.2332631687941 - 0.280373535843608 - 0.468860898437471 - 0.590421291162716 - 0 - NaN - NaN","0.0701754385964912 - 0.196428571428571 - 0.226415094339623 - 0.2 - 0.125 - 0.333333333333333 - 0.464285714285714 - 0 - NaN - NaN","57 - 56 - 53 - 15 - 24 - 27 - 28 - 2 - 0 - 0","0/57 - 0/56 - 0/53 - 5/15 - 9/24 - 4/27 - 2/28 - 2/2 - NaN/0 - NaN/0"
"2022-12-05 14:12:49",0.687451222208746,0.691852678571429,0.60506493958746,0.613149626392989,0.759482827300928,0.760790648526349,0.173321725275562,0.173321725275562,56,49,60,49,60,"0.055730039844286 - 0.151586390011637 - 0.248952572215245 - 0.2332631687941 - 0.280373535843608 - 0.468860898437471 - 0.590421291162716 - 0 - NaN - NaN","0.0701754385964912 - 0.196428571428571 - 0.226415094339623 - 0.2 - 0.125 - 0.333333333333333 - 0.464285714285714 - 0 - NaN - NaN","57 - 56 - 53 - 15 - 24 - 27 - 28 - 2 - 0 - 0","0/57 - 0/56 - 0/53 - 5/15 - 9/24 - 4/27 - 2/28 - 2/2 - NaN/0 - NaN/0"
"2022-11-28 14:15:59",0.687451222208746,0.691852678571429,0.60506493958746,0.613149626392989,0.759482827300928,0.760790648526349,0.173321725275562,0.173321725275562,56,49,60,49,60,"0.055730039844286 - 0.151586390011637 - 0.248952572215245 - 0.2332631687941 - 0.280373535843608 - 0.468860898437471 - 0.590421291162716 - 0 - NaN - NaN","0.0701754385964912 - 0.196428571428571 - 0.226415094339623 - 0.2 - 0.125 - 0.333333333333333 - 0.464285714285714 - 0 - NaN - NaN","57 - 56 - 53 - 15 - 24 - 27 - 28 - 2 - 0 - 0","0/57 - 0/56 - 0/53 - 5/15 - 9/24 - 4/27 - 2/28 - 2/2 - NaN/0 - NaN/0"
"2022-11-21 14:36:17",0.687451222208746,0.691852678571429,0.60506493958746,0.613149626392989,0.759482827300928,0.760790648526349,0.173321725275562,0.173321725275562,56,49,60,49,60,"0.055730039844286 - 0.151586390011637 - 0.248952572215245 - 0.2332631687941 - 0.280373535843608 - 0.468860898437471 - 0.590421291162716 - 0 - NaN - NaN","0.0701754385964912 - 0.196428571428571 - 0.226415094339623 - 0.2 - 0.125 - 0.333333333333333 - 0.464285714285714 - 0 - NaN - NaN","57 - 56 - 53 - 15 - 24 - 27 - 28 - 2 - 0 - 0","0/57 - 0/56 - 0/53 - 5/15 - 9/24 - 4/27 - 2/28 - 2/2 - NaN/0 - NaN/0"
"2022-11-14 14:36:14",0.687451222208746,0.691852678571429,0.60506493958746,0.613149626392989,0.759482827300928,0.760790648526349,0.173321725275562,0.173321725275562,56,49,60,49,60,"0.055730039844286 - 0.151586390011637 - 0.248952572215245 - 0.2332631687941 - 0.280373535843608 - 0.468860898437471 - 0.590421291162716 - 0 - NaN - NaN","0.0701754385964912 - 0.196428571428571 - 0.226415094339623 - 0.2 - 0.125 - 0.333333333333333 - 0.464285714285714 - 0 - NaN - NaN","57 - 56 - 53 - 15 - 24 - 27 - 28 - 2 - 0 - 0","0/57 - 0/56 - 0/53 - 5/15 - 9/24 - 4/27 - 2/28 - 2/2 - NaN/0 - NaN/0"
"2022-11-07 14:37:38",0.687451222208746,0.691852678571429,0.60506493958746,0.613149626392989,0.759482827300928,0.760790648526349,0.173321725275562,0.173321725275562,56,49,60,49,60,"0.055730039844286 - 0.151586390011637 - 0.248952572215245 - 0.2332631687941 - 0.280373535843608 - 0.468860898437471 - 0.590421291162716 - 0 - NaN - NaN","0.0701754385964912 - 0.196428571428571 - 0.226415094339623 - 0.2 - 0.125 - 0.333333333333333 - 0.464285714285714 - 0 - NaN - NaN","57 - 56 - 53 - 15 - 24 - 27 - 28 - 2 - 0 - 0","0/57 - 0/56 - 0/53 - 5/15 - 9/24 - 4/27 - 2/28 - 2/2 - NaN/0 - NaN/0"
"2022-10-24 14:51:49",0.687451222208746,0.691852678571429,0.60506493958746,0.613149626392989,0.759482827300928,0.760790648526349,0.173321725275562,0.173321725275562,56,49,60,49,60,"0.055730039844286 - 0.151586390011637 - 0.248952572215245 - 0.2332631687941 - 0.280373535843608 - 0.468860898437471 - 0.590421291162716 - 0 - NaN - NaN","0.0701754385964912 - 0.196428571428571 - 0.226415094339623 - 0.2 - 0.125 - 0.333333333333333 - 0.464285714285714 - 0 - NaN - NaN","57 - 56 - 53 - 15 - 24 - 27 - 28 - 2 - 0 - 0","0/57 - 0/56 - 0/53 - 5/15 - 9/24 - 4/27 - 2/28 - 2/2 - NaN/0 - NaN/0"
"2022-10-17 14:49:03",0.687451222208746,0.691852678571429,0.60506493958746,0.613149626392989,0.759482827300928,0.760790648526349,0.173321725275562,0.173321725275562,56,49,60,49,60,"0.055730039844286 - 0.151586390011637 - 0.248952572215245 - 0.2332631687941 - 0.280373535843608 - 0.468860898437471 - 0.590421291162716 - 0 - NaN - NaN","0.0701754385964912 - 0.196428571428571 - 0.226415094339623 - 0.2 - 0.125 - 0.333333333333333 - 0.464285714285714 - 0 - NaN - NaN","57 - 56 - 53 - 15 - 24 - 27 - 28 - 2 - 0 - 0","0/57 - 0/56 - 0/53 - 5/15 - 9/24 - 4/27 - 2/28 - 2/2 - NaN/0 - NaN/0"
"2022-10-10 15:08:15",0.687451222208746,0.691852678571429,0.60506493958746,0.613149626392989,0.759482827300928,0.760790648526349,0.173321725275562,0.173321725275562,56,49,60,49,60,"0.055730039844286 - 0.151586390011637 - 0.248952572215245 - 0.2332631687941 - 0.280373535843608 - 0.468860898437471 - 0.590421291162716 - 0 - NaN - NaN","0.0701754385964912 - 0.196428571428571 - 0.226415094339623 - 0.2 - 0.125 - 0.333333333333333 - 0.464285714285714 - 0 - NaN - NaN","57 - 56 - 53 - 15 - 24 - 27 - 28 - 2 - 0 - 0","0/57 - 0/56 - 0/53 - 5/15 - 9/24 - 4/27 - 2/28 - 2/2 - NaN/0 - NaN/0"
"2022-10-03 14:45:36",0.687451222208746,0.691852678571429,0.605064939587459,0.613149626392989,0.759482827300928,0.760790648526349,0.173321725275562,0.173321725275562,56,49,60,49,60,"0.055730039844286 - 0.151586390011637 - 0.248952572215245 - 0.2332631687941 - 0.280373535843608 - 0.468860898437471 - 0.590421291162716 - 0 - NaN - NaN","0.0701754385964912 - 0.196428571428571 - 0.226415094339623 - 0.2 - 0.125 - 0.333333333333333 - 0.464285714285714 - 0 - NaN - NaN","57 - 56 - 53 - 15 - 24 - 27 - 28 - 2 - 0 - 0","0/57 - 0/56 - 0/53 - 5/15 - 9/24 - 4/27 - 2/28 - 2/2 - NaN/0 - NaN/0"
"2022-09-26 14:49:50",0.687451222208746,0.691852678571429,0.605064939587459,0.613149626392989,0.759482827300928,0.760790648526349,0.173321725275562,0.173321725275562,56,49,60,49,60,"0.055730039844286 - 0.151586390011637 - 0.248952572215245 - 0.2332631687941 - 0.280373535843608 - 0.468860898437471 - 0.590421291162716 - 0 - NaN - NaN","0.0701754385964912 - 0.196428571428571 - 0.226415094339623 - 0.2 - 0.125 - 0.333333333333333 - 0.464285714285714 - 0 - NaN - NaN","57 - 56 - 53 - 15 - 24 - 27 - 28 - 2 - 0 - 0","0/57 - 0/56 - 0/53 - 5/15 - 9/24 - 4/27 - 2/28 - 2/2 - NaN/0 - NaN/0"
"2022-09-19 14:45:22",0.687451222208746,0.691852678571429,0.60506493958746,0.613149626392989,0.759482827300928,0.760790648526349,0.173321725275562,0.173321725275562,56,49,60,49,60,"0.055730039844286 - 0.151586390011637 - 0.248952572215245 - 0.2332631687941 - 0.280373535843608 - 0.468860898437471 - 0.590421291162716 - 0 - NaN - NaN","0.0701754385964912 - 0.196428571428571 - 0.226415094339623 - 0.2 - 0.125 - 0.333333333333333 - 0.464285714285714 - 0 - NaN - NaN","57 - 56 - 53 - 15 - 24 - 27 - 28 - 2 - 0 - 0","0/57 - 0/56 - 0/53 - 5/15 - 9/24 - 4/27 - 2/28 - 2/2 - NaN/0 - NaN/0"
"2022-09-12 14:35:54",0.687451222208746,0.691852678571429,0.60506493958746,0.613149626392989,0.759482827300928,0.760790648526349,0.173321725275562,0.173321725275562,56,49,60,49,60,"0.055730039844286 - 0.151586390011637 - 0.248952572215245 - 0.2332631687941 - 0.280373535843608 - 0.468860898437471 - 0.590421291162716 - 0 - NaN - NaN","0.0701754385964912 - 0.196428571428571 - 0.226415094339623 - 0.2 - 0.125 - 0.333333333333333 - 0.464285714285714 - 0 - NaN - NaN","57 - 56 - 53 - 15 - 24 - 27 - 28 - 2 - 0 - 0","0/57 - 0/56 - 0/53 - 5/15 - 9/24 - 4/27 - 2/28 - 2/2 - NaN/0 - NaN/0"
"2022-08-29 14:34:20",0.687451222208746,0.691852678571429,0.60506493958746,0.613149626392989,0.759482827300928,0.760790648526349,0.173321725275562,0.173321725275562,56,49,60,49,60,"0.055730039844286 - 0.151586390011637 - 0.248952572215245 - 0.2332631687941 - 0.280373535843608 - 0.468860898437471 - 0.590421291162716 - 0 - NaN - NaN","0.0701754385964912 - 0.196428571428571 - 0.226415094339623 - 0.2 - 0.125 - 0.333333333333333 - 0.464285714285714 - 0 - NaN - NaN","57 - 56 - 53 - 15 - 24 - 27 - 28 - 2 - 0 - 0","0/57 - 0/56 - 0/53 - 5/15 - 9/24 - 4/27 - 2/28 - 2/2 - NaN/0 - NaN/0"
"2022-08-22 14:34:01",0.687451222208746,0.691852678571429,0.60506493958746,0.613149626392989,0.759482827300928,0.760790648526349,0.173321725275562,0.173321725275562,56,49,60,49,60,"0.055730039844286 - 0.151586390011637 - 0.248952572215245 - 0.2332631687941 - 0.280373535843608 - 0.468860898437471 - 0.590421291162716 - 0 - NaN - NaN","0.0701754385964912 - 0.196428571428571 - 0.226415094339623 - 0.2 - 0.125 - 0.333333333333333 - 0.464285714285714 - 0 - NaN - NaN","57 - 56 - 53 - 15 - 24 - 27 - 28 - 2 - 0 - 0","0/57 - 0/56 - 0/53 - 5/15 - 9/24 - 4/27 - 2/28 - 2/2 - NaN/0 - NaN/0"
"2022-08-15 14:30:03",0.687451222208746,0.691852678571429,0.605064939587459,0.613149626392989,0.759482827300928,0.760790648526349,0.173321725275562,0.173321725275562,56,49,60,49,60,"0.055730039844286 - 0.151586390011637 - 0.248952572215245 - 0.2332631687941 - 0.280373535843608 - 0.468860898437471 - 0.590421291162716 - 0 - NaN - NaN","0.0701754385964912 - 0.196428571428571 - 0.226415094339623 - 0.2 - 0.125 - 0.333333333333333 - 0.464285714285714 - 0 - NaN - NaN","57 - 56 - 53 - 15 - 24 - 27 - 28 - 2 - 0 - 0","0/57 - 0/56 - 0/53 - 5/15 - 9/24 - 4/27 - 2/28 - 2/2 - NaN/0 - NaN/0"
"2022-08-08 14:33:23",0.687451222208746,0.691852678571429,0.60506493958746,0.613149626392989,0.759482827300928,0.760790648526349,0.173321725275562,0.173321725275562,56,49,60,49,60,"0.055730039844286 - 0.151586390011637 - 0.248952572215245 - 0.2332631687941 - 0.280373535843608 - 0.468860898437471 - 0.590421291162716 - 0 - NaN - NaN","0.0701754385964912 - 0.196428571428571 - 0.226415094339623 - 0.2 - 0.125 - 0.333333333333333 - 0.464285714285714 - 0 - NaN - NaN","57 - 56 - 53 - 15 - 24 - 27 - 28 - 2 - 0 - 0","0/57 - 0/56 - 0/53 - 5/15 - 9/24 - 4/27 - 2/28 - 2/2 - NaN/0 - NaN/0"
"2022-08-01 14:42:59",0.687451222208746,0.691852678571429,0.60506493958746,0.613149626392989,0.759482827300928,0.760790648526349,0.173321725275562,0.173321725275562,56,49,60,49,60,"0.055730039844286 - 0.151586390011637 - 0.248952572215245 - 0.2332631687941 - 0.280373535843608 - 0.468860898437471 - 0.590421291162716 - 0 - NaN - NaN","0.0701754385964912 - 0.196428571428571 - 0.226415094339623 - 0.2 - 0.125 - 0.333333333333333 - 0.464285714285714 - 0 - NaN - NaN","57 - 56 - 53 - 15 - 24 - 27 - 28 - 2 - 0 - 0","0/57 - 0/56 - 0/53 - 5/15 - 9/24 - 4/27 - 2/28 - 2/2 - NaN/0 - NaN/0"
"2022-07-25 14:29:39",0.687451222208746,0.691852678571429,0.60506493958746,0.613149626392989,0.759482827300928,0.760790648526349,0.173321725275562,0.173321725275562,56,49,60,49,60,"0.055730039844286 - 0.151586390011637 - 0.248952572215245 - 0.2332631687941 - 0.280373535843608 - 0.468860898437471 - 0.590421291162716 - 0 - NaN - NaN","0.0701754385964912 - 0.196428571428571 - 0.226415094339623 - 0.2 - 0.125 - 0.333333333333333 - 0.464285714285714 - 0 - NaN - NaN","57 - 56 - 53 - 15 - 24 - 27 - 28 - 2 - 0 - 0","0/57 - 0/56 - 0/53 - 5/15 - 9/24 - 4/27 - 2/28 - 2/2 - NaN/0 - NaN/0"
"2022-07-18 14:34:43",0.687451222208746,0.691852678571429,0.605064939587459,0.613149626392989,0.759482827300928,0.760790648526349,0.173321725275562,0.173321725275562,56,49,60,49,60,"0.055730039844286 - 0.151586390011637 - 0.248952572215245 - 0.2332631687941 - 0.280373535843608 - 0.468860898437471 - 0.590421291162716 - 0 - NaN - NaN","0.0701754385964912 - 0.196428571428571 - 0.226415094339623 - 0.2 - 0.125 - 0.333333333333333 - 0.464285714285714 - 0 - NaN - NaN","57 - 56 - 53 - 15 - 24 - 27 - 28 - 2 - 0 - 0","0/57 - 0/56 - 0/53 - 5/15 - 9/24 - 4/27 - 2/28 - 2/2 - NaN/0 - NaN/0"
"2022-06-27 14:32:30",0.687451222208746,0.691852678571429,0.60506493958746,0.613149626392989,0.759482827300928,0.760790648526349,0.173321725275562,0.173321725275562,56,49,60,49,60,"0.055730039844286 - 0.151586390011637 - 0.248952572215245 - 0.2332631687941 - 0.280373535843608 - 0.468860898437471 - 0.590421291162716 - 0 - NaN - NaN","0.0701754385964912 - 0.196428571428571 - 0.226415094339623 - 0.2 - 0.125 - 0.333333333333333 - 0.464285714285714 - 0 - NaN - NaN","57 - 56 - 53 - 15 - 24 - 27 - 28 - 2 - 0 - 0","0/57 - 0/56 - 0/53 - 5/15 - 9/24 - 4/27 - 2/28 - 2/2 - NaN/0 - NaN/0"
"2022-06-20 14:31:23",0.687451222208746,0.691852678571429,0.60506493958746,0.613149626392989,0.759482827300928,0.760790648526349,0.173321725275562,0.173321725275562,56,49,60,49,60,"0.055730039844286 - 0.151586390011637 - 0.248952572215245 - 0.2332631687941 - 0.280373535843608 - 0.468860898437471 - 0.590421291162716 - 0 - NaN - NaN","0.0701754385964912 - 0.196428571428571 - 0.226415094339623 - 0.2 - 0.125 - 0.333333333333333 - 0.464285714285714 - 0 - NaN - NaN","57 - 56 - 53 - 15 - 24 - 27 - 28 - 2 - 0 - 0","0/57 - 0/56 - 0/53 - 5/15 - 9/24 - 4/27 - 2/28 - 2/2 - NaN/0 - NaN/0"
"2022-06-13 14:20:37",0.687451222208746,0.691852678571429,0.60506493958746,0.613149626392989,0.759482827300928,0.760790648526349,0.173321725275562,0.173321725275562,56,49,60,49,60,"0.055730039844286 - 0.151586390011637 - 0.248952572215245 - 0.2332631687941 - 0.280373535843608 - 0.468860898437471 - 0.590421291162716 - 0 - NaN - NaN","0.0701754385964912 - 0.196428571428571 - 0.226415094339623 - 0.2 - 0.125 - 0.333333333333333 - 0.464285714285714 - 0 - NaN - NaN","57 - 56 - 53 - 15 - 24 - 27 - 28 - 2 - 0 - 0","0/57 - 0/56 - 0/53 - 5/15 - 9/24 - 4/27 - 2/28 - 2/2 - NaN/0 - NaN/0"
"2022-06-06 14:22:47",0.687451222208746,0.691852678571429,0.60506493958746,0.613149626392989,0.759482827300928,0.760790648526349,0.173321725275562,0.173321725275562,56,49,60,49,60,"0.055730039844286 - 0.151586390011637 - 0.248952572215245 - 0.2332631687941 - 0.280373535843608 - 0.468860898437471 - 0.590421291162716 - 0 - NaN - NaN","0.0701754385964912 - 0.196428571428571 - 0.226415094339623 - 0.2 - 0.125 - 0.333333333333333 - 0.464285714285714 - 0 - NaN - NaN","57 - 56 - 53 - 15 - 24 - 27 - 28 - 2 - 0 - 0","0/57 - 0/56 - 0/53 - 5/15 - 9/24 - 4/27 - 2/28 - 2/2 - NaN/0 - NaN/0"
"2022-05-30 14:27:31",0.687451222208746,0.691852678571429,0.60506493958746,0.613149626392989,0.759482827300928,0.760790648526349,0.173321725275562,0.173321725275562,56,49,60,49,60,"0.055730039844286 - 0.151586390011637 - 0.248952572215245 - 0.2332631687941 - 0.280373535843608 - 0.468860898437471 - 0.590421291162716 - 0 - NaN - NaN","0.0701754385964912 - 0.196428571428571 - 0.226415094339623 - 0.2 - 0.125 - 0.333333333333333 - 0.464285714285714 - 0 - NaN - NaN","57 - 56 - 53 - 15 - 24 - 27 - 28 - 2 - 0 - 0","0/57 - 0/56 - 0/53 - 5/15 - 9/24 - 4/27 - 2/28 - 2/2 - NaN/0 - NaN/0"
"2022-05-23 14:28:17",0.687451222208746,0.691852678571429,0.60506493958746,0.613149626392989,0.759482827300928,0.760790648526349,0.173321725275562,0.173321725275562,56,49,60,49,60,"0.055730039844286 - 0.151586390011637 - 0.248952572215245 - 0.2332631687941 - 0.280373535843608 - 0.468860898437471 - 0.590421291162716 - 0 - NaN - NaN","0.0701754385964912 - 0.196428571428571 - 0.226415094339623 - 0.2 - 0.125 - 0.333333333333333 - 0.464285714285714 - 0 - NaN - NaN","57 - 56 - 53 - 15 - 24 - 27 - 28 - 2 - 0 - 0","0/57 - 0/56 - 0/53 - 5/15 - 9/24 - 4/27 - 2/28 - 2/2 - NaN/0 - NaN/0"
"2022-05-09 14:21:11",0.687451222208746,0.691852678571429,0.60506493958746,0.613149626392989,0.759482827300928,0.760790648526349,0.173321725275562,0.173321725275562,56,49,60,49,60,"0.055730039844286 - 0.151586390011637 - 0.248952572215245 - 0.2332631687941 - 0.280373535843608 - 0.468860898437471 - 0.590421291162716 - 0 - NaN - NaN","0.0701754385964912 - 0.196428571428571 - 0.226415094339623 - 0.2 - 0.125 - 0.333333333333333 - 0.464285714285714 - 0 - NaN - NaN","57 - 56 - 53 - 15 - 24 - 27 - 28 - 2 - 0 - 0","0/57 - 0/56 - 0/53 - 5/15 - 9/24 - 4/27 - 2/28 - 2/2 - NaN/0 - NaN/0"
"2022-04-25 14:17:44",0.687451222208746,0.691852678571429,0.60506493958746,0.613149626392989,0.759482827300928,0.760790648526349,0.173321725275562,0.173321725275562,56,49,60,49,60,"0.055730039844286 - 0.151586390011637 - 0.248952572215245 - 0.2332631687941 - 0.280373535843608 - 0.468860898437471 - 0.590421291162716 - 0 - NaN - NaN","0.0701754385964912 - 0.196428571428571 - 0.226415094339623 - 0.2 - 0.125 - 0.333333333333333 - 0.464285714285714 - 0 - NaN - NaN","57 - 56 - 53 - 15 - 24 - 27 - 28 - 2 - 0 - 0","0/57 - 0/56 - 0/53 - 5/15 - 9/24 - 4/27 - 2/28 - 2/2 - NaN/0 - NaN/0"
"2022-04-18 14:20:38",0.687451222208746,0.691852678571429,0.60506493958746,0.613149626392989,0.759482827300928,0.760790648526349,0.173321725275562,0.173321725275562,56,49,60,49,60,"0.055730039844286 - 0.151586390011637 - 0.248952572215245 - 0.2332631687941 - 0.280373535843608 - 0.468860898437471 - 0.590421291162716 - 0 - NaN - NaN","0.0701754385964912 - 0.196428571428571 - 0.226415094339623 - 0.2 - 0.125 - 0.333333333333333 - 0.464285714285714 - 0 - NaN - NaN","57 - 56 - 53 - 15 - 24 - 27 - 28 - 2 - 0 - 0","0/57 - 0/56 - 0/53 - 5/15 - 9/24 - 4/27 - 2/28 - 2/2 - NaN/0 - NaN/0"
"2022-04-11 14:09:15",0.687451222208746,0.691852678571429,0.60506493958746,0.613149626392989,0.759482827300928,0.760790648526349,0.173321725275562,0.173321725275562,56,49,60,49,60,"0.055730039844286 - 0.151586390011637 - 0.248952572215245 - 0.2332631687941 - 0.280373535843608 - 0.468860898437471 - 0.590421291162716 - 0 - NaN - NaN","0.0701754385964912 - 0.196428571428571 - 0.226415094339623 - 0.2 - 0.125 - 0.333333333333333 - 0.464285714285714 - 0 - NaN - NaN","57 - 56 - 53 - 15 - 24 - 27 - 28 - 2 - 0 - 0","0/57 - 0/56 - 0/53 - 5/15 - 9/24 - 4/27 - 2/28 - 2/2 - NaN/0 - NaN/0"
"2022-04-04 14:10:06",0.687451222208746,0.691852678571429,0.60506493958746,0.613149626392989,0.759482827300928,0.760790648526349,0.173321725275562,0.173321725275562,56,49,60,49,60,"0.055730039844286 - 0.151586390011637 - 0.248952572215245 - 0.2332631687941 - 0.280373535843608 - 0.468860898437471 - 0.590421291162716 - 0 - NaN - NaN","0.0701754385964912 - 0.196428571428571 - 0.226415094339623 - 0.2 - 0.125 - 0.333333333333333 - 0.464285714285714 - 0 - NaN - NaN","57 - 56 - 53 - 15 - 24 - 27 - 28 - 2 - 0 - 0","0/57 - 0/56 - 0/53 - 5/15 - 9/24 - 4/27 - 2/28 - 2/2 - NaN/0 - NaN/0"
"2022-03-28 14:10:16",0.687451222208746,0.691852678571429,0.60506493958746,0.613149626392989,0.759482827300928,0.760790648526349,0.173321725275562,0.173321725275562,56,49,60,49,60,"0.055730039844286 - 0.151586390011637 - 0.248952572215245 - 0.2332631687941 - 0.280373535843608 - 0.468860898437471 - 0.590421291162716 - 0 - NaN - NaN","0.0701754385964912 - 0.196428571428571 - 0.226415094339623 - 0.2 - 0.125 - 0.333333333333333 - 0.464285714285714 - 0 - NaN - NaN","57 - 56 - 53 - 15 - 24 - 27 - 28 - 2 - 0 - 0","0/57 - 0/56 - 0/53 - 5/15 - 9/24 - 4/27 - 2/28 - 2/2 - NaN/0 - NaN/0"
"2022-03-23 09:04:02",0.687451222208746,0.691852678571429,0.60506493958746,0.613149626392989,0.759482827300928,0.760790648526349,0.173321725275562,0.173321725275562,56,49,60,49,60,"0.055730039844286 - 0.151586390011637 - 0.248952572215245 - 0.2332631687941 - 0.280373535843608 - 0.468860898437471 - 0.590421291162716 - 0 - NaN - NaN","0.0701754385964912 - 0.196428571428571 - 0.226415094339623 - 0.2 - 0.125 - 0.333333333333333 - 0.464285714285714 - 0 - NaN - NaN","57 - 56 - 53 - 15 - 24 - 27 - 28 - 2 - 0 - 0","0/57 - 0/56 - 0/53 - 5/15 - 9/24 - 4/27 - 2/28 - 2/2 - NaN/0 - NaN/0"
"2022-03-23 09:16:24",0.687451222208746,0.691852678571429,0.605064939587459,0.613149626392989,0.759482827300928,0.760790648526349,0.173321725275562,0.173321725275562,56,49,60,49,60,"0.055730039844286 - 0.151586390011637 - 0.248952572215245 - 0.2332631687941 - 0.280373535843608 - 0.468860898437471 - 0.590421291162716 - 0 - NaN - NaN","0.0701754385964912 - 0.196428571428571 - 0.226415094339623 - 0.2 - 0.125 - 0.333333333333333 - 0.464285714285714 - 0 - NaN - NaN","57 - 56 - 53 - 15 - 24 - 27 - 28 - 2 - 0 - 0","0/57 - 0/56 - 0/53 - 5/15 - 9/24 - 4/27 - 2/28 - 2/2 - NaN/0 - NaN/0"
"2022-03-22 14:25:36",0.687451222208746,0.691852678571429,0.60506493958746,0.613149626392989,0.759482827300928,0.760790648526349,0.173321725275562,0.173321725275562,56,49,60,49,60,"0.055730039844286 - 0.151586390011637 - 0.248952572215245 - 0.2332631687941 - 0.280373535843608 - 0.468860898437471 - 0.590421291162716 - 0 - NaN - NaN","0.0701754385964912 - 0.196428571428571 - 0.226415094339623 - 0.2 - 0.125 - 0.333333333333333 - 0.464285714285714 - 0 - NaN - NaN","57 - 56 - 53 - 15 - 24 - 27 - 28 - 2 - 0 - 0","0/57 - 0/56 - 0/53 - 5/15 - 9/24 - 4/27 - 2/28 - 2/2 - NaN/0 - NaN/0"
"2022-03-22 14:48:06",0.687451222208746,0.691852678571429,0.60506493958746,0.613149626392989,0.759482827300928,0.760790648526349,0.173321725275562,0.173321725275562,56,49,60,49,60,"0.055730039844286 - 0.151586390011637 - 0.248952572215245 - 0.2332631687941 - 0.280373535843608 - 0.468860898437471 - 0.590421291162716 - 0 - NaN - NaN","0.0701754385964912 - 0.196428571428571 - 0.226415094339623 - 0.2 - 0.125 - 0.333333333333333 - 0.464285714285714 - 0 - NaN - NaN","57 - 56 - 53 - 15 - 24 - 27 - 28 - 2 - 0 - 0","0/57 - 0/56 - 0/53 - 5/15 - 9/24 - 4/27 - 2/28 - 2/2 - NaN/0 - NaN/0"
"2022-03-22 12:22:00",0.687451222208746,0.691852678571429,0.60506493958746,0.613149626392989,0.759482827300928,0.760790648526349,0.173321725275562,0.173321725275562,56,49,60,49,60,"0.055730039844286 - 0.151586390011637 - 0.248952572215245 - 0.2332631687941 - 0.280373535843608 - 0.468860898437471 - 0.590421291162716 - 0 - NaN - NaN","0.0701754385964912 - 0.196428571428571 - 0.226415094339623 - 0.2 - 0.125 - 0.333333333333333 - 0.464285714285714 - 0 - NaN - NaN","57 - 56 - 53 - 15 - 24 - 27 - 28 - 2 - 0 - 0","0/57 - 0/56 - 0/53 - 5/15 - 9/24 - 4/27 - 2/28 - 2/2 - NaN/0 - NaN/0"
"2022-03-16 12:16:35",0.696135149493594,0.691852678571429,0.611877003286018,0.613149626392989,0.769006985549547,0.760790648526349,0.173321725275562,0.173321725275562,56,49,60,49,60,"0.055730039844286 - 0.151586390011637 - 0.248952572215245 - 0.2332631687941 - 0.280373535843608 - 0.468860898437471 - 0.590421291162716 - 0 - NaN - NaN","0.0701754385964912 - 0.196428571428571 - 0.226415094339623 - 0.2 - 0.125 - 0.333333333333333 - 0.464285714285714 - 0 - NaN - NaN","57 - 56 - 53 - 15 - 24 - 27 - 28 - 2 - 0 - 0","0/57 - 0/56 - 0/53 - 5/15 - 9/24 - 4/27 - 2/28 - 2/2 - NaN/0 - NaN/0"
"2022-03-16 09:54:54",0.696135149493594,0.691852678571429,0.611877003286018,0.613149626392989,0.769006985549547,0.760790648526349,0.173321725275562,0.173321725275562,56,49,60,49,60,"0.055730039844286 - 0.151586390011637 - 0.248952572215245 - 0.2332631687941 - 0.280373535843608 - 0.468860898437471 - 0.590421291162716 - 0 - NaN - NaN","0.0701754385964912 - 0.196428571428571 - 0.226415094339623 - 0.2 - 0.125 - 0.333333333333333 - 0.464285714285714 - 0 - NaN - NaN","57 - 56 - 53 - 15 - 24 - 27 - 28 - 2 - 0 - 0","0/57 - 0/56 - 0/53 - 5/15 - 9/24 - 4/27 - 2/28 - 2/2 - NaN/0 - NaN/0"
"2022-03-16 10:19:28",0.696135149493595,0.691852678571429,0.611877003286018,0.613149626392989,0.769006985549547,0.760790648526349,0.173321725275562,0.173321725275562,56,49,60,49,60,"0.055730039844286 - 0.151586390011637 - 0.248952572215245 - 0.2332631687941 - 0.280373535843608 - 0.468860898437471 - 0.590421291162716 - 0 - NaN - NaN","0.0701754385964912 - 0.196428571428571 - 0.226415094339623 - 0.2 - 0.125 - 0.333333333333333 - 0.464285714285714 - 0 - NaN - NaN","57 - 56 - 53 - 15 - 24 - 27 - 28 - 2 - 0 - 0","0/57 - 0/56 - 0/53 - 5/15 - 9/24 - 4/27 - 2/28 - 2/2 - NaN/0 - NaN/0"
"2022-03-15 17:52:48",0.696135149493595,0.691852678571429,0.611877003286018,0.613149626392989,0.769006985549547,0.760790648526349,0.173321725275562,0.173321725275562,56,49,60,49,60,"0.055730039844286 - 0.151586390011637 - 0.248952572215245 - 0.2332631687941 - 0.280373535843608 - 0.468860898437471 - 0.590421291162716 - 0 - NaN - NaN","0.0701754385964912 - 0.196428571428571 - 0.226415094339623 - 0.2 - 0.125 - 0.333333333333333 - 0.464285714285714 - 0 - NaN - NaN","57 - 56 - 53 - 15 - 24 - 27 - 28 - 2 - 0 - 0","0/57 - 0/56 - 0/53 - 5/15 - 9/24 - 4/27 - 2/28 - 2/2 - NaN/0 - NaN/0"
"2022-03-15 17:30:09",0.696135149493595,0.691852678571429,0.611877003286018,0.613149626392989,0.769006985549547,0.760790648526349,0.173321725275562,0.173321725275562,56,49,60,49,60,"0.055730039844286 - 0.151586390011637 - 0.248952572215245 - 0.2332631687941 - 0.280373535843608 - 0.468860898437471 - 0.590421291162716 - 0 - NaN - NaN","0.0701754385964912 - 0.196428571428571 - 0.226415094339623 - 0.2 - 0.125 - 0.333333333333333 - 0.464285714285714 - 0 - NaN - NaN","57 - 56 - 53 - 15 - 24 - 27 - 28 - 2 - 0 - 0","0/57 - 0/56 - 0/53 - 5/15 - 9/24 - 4/27 - 2/28 - 2/2 - NaN/0 - NaN/0"
"2022-03-15 17:14:11",0.696135149493595,0.691852678571429,0.611877003286018,0.613149626392989,0.769006985549547,0.760790648526349,0.173321725275562,0.173321725275562,56,49,60,49,60,"0.055730039844286 - 0.151586390011637 - 0.248952572215245 - 0.2332631687941 - 0.280373535843608 - 0.468860898437471 - 0.590421291162716 - 0 - NaN - NaN","0.0701754385964912 - 0.196428571428571 - 0.226415094339623 - 0.2 - 0.125 - 0.333333333333333 - 0.464285714285714 - 0 - NaN - NaN","57 - 56 - 53 - 15 - 24 - 27 - 28 - 2 - 0 - 0","0/57 - 0/56 - 0/53 - 5/15 - 9/24 - 4/27 - 2/28 - 2/2 - NaN/0 - NaN/0"
"2022-03-15 14:04:07",0.696135149493595,0.691852678571429,0.611877003286018,0.613149626392989,0.769006985549547,0.760790648526349,0.173321725275562,0.173321725275562,56,49,60,49,60,"0.055730039844286 - 0.151586390011637 - 0.248952572215245 - 0.2332631687941 - 0.280373535843608 - 0.468860898437471 - 0.590421291162716 - 0 - NaN - NaN","0.0701754385964912 - 0.196428571428571 - 0.226415094339623 - 0.2 - 0.125 - 0.333333333333333 - 0.464285714285714 - 0 - NaN - NaN","57 - 56 - 53 - 15 - 24 - 27 - 28 - 2 - 0 - 0","0/57 - 0/56 - 0/53 - 5/15 - 9/24 - 4/27 - 2/28 - 2/2 - NaN/0 - NaN/0"
"2022-03-15 13:48:23",0.696135149493595,0.691852678571429,0.611877003286018,0.613149626392989,0.769006985549547,0.760790648526349,0.173321725275562,0.173321725275562,56,49,60,49,60,"0.055730039844286 - 0.151586390011637 - 0.248952572215245 - 0.2332631687941 - 0.280373535843608 - 0.468860898437471 - 0.590421291162716 - 0 - NaN - NaN","0.0701754385964912 - 0.196428571428571 - 0.226415094339623 - 0.2 - 0.125 - 0.333333333333333 - 0.464285714285714 - 0 - NaN - NaN","57 - 56 - 53 - 15 - 24 - 27 - 28 - 2 - 0 - 0","0/57 - 0/56 - 0/53 - 5/15 - 9/24 - 4/27 - 2/28 - 2/2 - NaN/0 - NaN/0"
"2022-03-15 09:46:05",0.690234226908471,0.691852678571429,0.60120628393834,0.613149626392989,0.767087010042817,0.760790648526349,0.173321725275562,0.173321725275562,56,49,60,49,60,"0.055730039844286 - 0.151586390011637 - 0.248952572215245 - 0.2332631687941 - 0.280373535843608 - 0.468860898437471 - 0.590421291162716 - 0 - NaN - NaN","0.0701754385964912 - 0.196428571428571 - 0.226415094339623 - 0.2 - 0.125 - 0.333333333333333 - 0.464285714285714 - 0 - NaN - NaN","57 - 56 - 53 - 15 - 24 - 27 - 28 - 2 - 0 - 0","0/57 - 0/56 - 0/53 - 5/15 - 9/24 - 4/27 - 2/28 - 2/2 - NaN/0 - NaN/0"
"2022-03-14 14:11:40",0.68657897108109,0.691852678571429,0.596818418102084,0.613149626392989,0.764249772757728,0.760790648526349,0.173321725275562,0.173321725275562,56,49,60,49,60,"0.055730039844286 - 0.151586390011637 - 0.248952572215245 - 0.2332631687941 - 0.280373535843608 - 0.468860898437471 - 0.590421291162716 - 0 - NaN - NaN","0.0701754385964912 - 0.196428571428571 - 0.226415094339623 - 0.2 - 0.125 - 0.333333333333333 - 0.464285714285714 - 0 - NaN - NaN","57 - 56 - 53 - 15 - 24 - 27 - 28 - 2 - 0 - 0","0/57 - 0/56 - 0/53 - 5/15 - 9/24 - 4/27 - 2/28 - 2/2 - NaN/0 - NaN/0"
"2022-03-09 22:32:10",0.68657897108109,0.691852678571429,0.596818418102084,0.613149626392989,0.764249772757728,0.760790648526349,0.173321725275562,0.173321725275562,56,49,60,49,60,"0.055730039844286 - 0.151586390011637 - 0.248952572215245 - 0.2332631687941 - 0.280373535843608 - 0.468860898437471 - 0.590421291162716 - 0 - NaN - NaN","0.0701754385964912 - 0.196428571428571 - 0.226415094339623 - 0.2 - 0.125 - 0.333333333333333 - 0.464285714285714 - 0 - NaN - NaN","57 - 56 - 53 - 15 - 24 - 27 - 28 - 2 - 0 - 0","0/57 - 0/56 - 0/53 - 5/15 - 9/24 - 4/27 - 2/28 - 2/2 - NaN/0 - NaN/0"
"2022-03-09 22:50:46",0.68657897108109,0.691852678571429,0.596818418102084,0.613149626392989,0.764249772757728,0.760790648526349,0.173321725275562,0.173321725275562,56,49,60,49,60,"0.055730039844286 - 0.151586390011637 - 0.248952572215245 - 0.2332631687941 - 0.280373535843608 - 0.468860898437471 - 0.590421291162716 - 0 - NaN - NaN","0.0701754385964912 - 0.196428571428571 - 0.226415094339623 - 0.2 - 0.125 - 0.333333333333333 - 0.464285714285714 - 0 - NaN - NaN","57 - 56 - 53 - 15 - 24 - 27 - 28 - 2 - 0 - 0","0/57 - 0/56 - 0/53 - 5/15 - 9/24 - 4/27 - 2/28 - 2/2 - NaN/0 - NaN/0"
"2022-03-09 17:40:45",0.699415039162971,0.688690476190476,0.617941052040785,0.610014151361107,0.769982006229758,0.757796541346518,0.172140463980518,0.172140463980518,56,49,60,49,60,"0.0554655568802862 - 0.146787834699208 - 0.238016223382894 - 0.184725029947798 - 0.323805231120119 - 0.41051941792367 - 0.369130040360009 - 0 - NaN - NaN","0.0666666666666667 - 0.209677419354839 - 0.224489795918367 - 0.153846153846154 - 0.178571428571429 - 0.25 - 0.333333333333333 - 0 - NaN - NaN","60 - 62 - 49 - 13 - 28 - 24 - 24 - 2 - 0 - 0","0/60 - 0/62 - 0/49 - 6/13 - 8/28 - 6/24 - 10/24 - 2/2 - NaN/0 - NaN/0"
"2022-03-09 18:07:24",0.699415039162971,0.688690476190476,0.617941052040785,0.610014151361107,0.769982006229758,0.757796541346518,0.172140463980518,0.172140463980518,56,49,60,49,60,"0.0554655568802862 - 0.146787834699208 - 0.238016223382894 - 0.184725029947798 - 0.323805231120119 - 0.41051941792367 - 0.369130040360009 - 0 - NaN - NaN","0.0666666666666667 - 0.209677419354839 - 0.224489795918367 - 0.153846153846154 - 0.178571428571429 - 0.25 - 0.333333333333333 - 0 - NaN - NaN","60 - 62 - 49 - 13 - 28 - 24 - 24 - 2 - 0 - 0","0/60 - 0/62 - 0/49 - 6/13 - 8/28 - 6/24 - 10/24 - 2/2 - NaN/0 - NaN/0"
"2022-03-09 16:46:22",0.699415039162971,0.688690476190476,0.617941052040785,0.610014151361107,0.769982006229758,0.757796541346518,0.172140463980518,0.172140463980518,56,49,60,49,60,"0.0554655568802862 - 0.146787834699208 - 0.238016223382894 - 0.184725029947798 - 0.323805231120119 - 0.41051941792367 - 0.369130040360009 - 0 - NaN - NaN","0.0666666666666667 - 0.209677419354839 - 0.224489795918367 - 0.153846153846154 - 0.178571428571429 - 0.25 - 0.333333333333333 - 0 - NaN - NaN","60 - 62 - 49 - 13 - 28 - 24 - 24 - 2 - 0 - 0","0/60 - 0/62 - 0/49 - 6/13 - 8/28 - 6/24 - 10/24 - 2/2 - NaN/0 - NaN/0"
"2022-03-09 16:09:20",0.699415039162971,0.688690476190476,0.617941052040785,0.610014151361107,0.769982006229758,0.757796541346518,0.172140463980518,0.172140463980518,56,49,60,49,60,"0.0554655568802862 - 0.146787834699208 - 0.238016223382894 - 0.184725029947798 - 0.323805231120119 - 0.41051941792367 - 0.369130040360009 - 0 - NaN - NaN","0.0666666666666667 - 0.209677419354839 - 0.224489795918367 - 0.153846153846154 - 0.178571428571429 - 0.25 - 0.333333333333333 - 0 - NaN - NaN","60 - 62 - 49 - 13 - 28 - 24 - 24 - 2 - 0 - 0","0/60 - 0/62 - 0/49 - 6/13 - 8/28 - 6/24 - 10/24 - 2/2 - NaN/0 - NaN/0"
"2022-03-09 16:35:17",0.699415039162971,0.688690476190476,0.617941052040785,0.610014151361107,0.769982006229758,0.757796541346518,0.172140463980518,0.172140463980518,56,49,60,49,60,"0.0554655568802862 - 0.146787834699208 - 0.238016223382894 - 0.184725029947798 - 0.323805231120119 - 0.41051941792367 - 0.369130040360009 - 0 - NaN - NaN","0.0666666666666667 - 0.209677419354839 - 0.224489795918367 - 0.153846153846154 - 0.178571428571429 - 0.25 - 0.333333333333333 - 0 - NaN - NaN","60 - 62 - 49 - 13 - 28 - 24 - 24 - 2 - 0 - 0","0/60 - 0/62 - 0/49 - 6/13 - 8/28 - 6/24 - 10/24 - 2/2 - NaN/0 - NaN/0"
"2022-03-09 08:16:08",0.705712923527035,0.688690476190476,0.621729903764015,0.610014151361107,0.777716470913541,0.757796541346518,0.172140463980518,0.172140463980518,56,49,60,49,60,"0.0554655568802862 - 0.146787834699208 - 0.238016223382894 - 0.184725029947798 - 0.323805231120119 - 0.41051941792367 - 0.369130040360009 - 0 - NaN - NaN","0.0666666666666667 - 0.209677419354839 - 0.224489795918367 - 0.153846153846154 - 0.178571428571429 - 0.25 - 0.333333333333333 - 0 - NaN - NaN","60 - 62 - 49 - 13 - 28 - 24 - 24 - 2 - 0 - 0","0/60 - 0/62 - 0/49 - 6/13 - 8/28 - 6/24 - 10/24 - 2/2 - NaN/0 - NaN/0"
"2022-03-07 14:03:59",0.695866409604144,0.688690476190476,0.611412295866774,0.610014151361107,0.7689032481038,0.757796541346518,0.172140463980518,0.172140463980518,56,49,60,49,60,"0.0554655568802862 - 0.146787834699208 - 0.238016223382894 - 0.184725029947798 - 0.323805231120119 - 0.41051941792367 - 0.369130040360009 - 0 - NaN - NaN","0.0666666666666667 - 0.209677419354839 - 0.224489795918367 - 0.153846153846154 - 0.178571428571429 - 0.25 - 0.333333333333333 - 0 - NaN - NaN","60 - 62 - 49 - 13 - 28 - 24 - 24 - 2 - 0 - 0","0/60 - 0/62 - 0/49 - 6/13 - 8/28 - 6/24 - 10/24 - 2/2 - NaN/0 - NaN/0"
"2022-03-07 11:45:47",0.696761451204853,0.688690476190476,0.614683963202407,0.610014151361107,0.767955433037415,0.757796541346518,0.172140463980518,0.172140463980518,56,49,60,49,60,"0.0554655568802862 - 0.146787834699208 - 0.238016223382894 - 0.184725029947798 - 0.323805231120119 - 0.41051941792367 - 0.369130040360009 - 0 - NaN - NaN","0.0666666666666667 - 0.209677419354839 - 0.224489795918367 - 0.153846153846154 - 0.178571428571429 - 0.25 - 0.333333333333333 - 0 - NaN - NaN","60 - 62 - 49 - 13 - 28 - 24 - 24 - 2 - 0 - 0","0/60 - 0/62 - 0/49 - 6/13 - 8/28 - 6/24 - 10/24 - 2/2 - NaN/0 - NaN/0"
"2022-03-04 11:43:58",0.69786022078299,0.688690476190476,0.615409377350991,0.610014151361107,0.769262203292191,0.757796541346518,0.172140463980518,0.172140463980518,56,49,60,49,60,"0.0554655568802862 - 0.146787834699208 - 0.238016223382894 - 0.184725029947798 - 0.323805231120119 - 0.41051941792367 - 0.369130040360009 - 0 - NaN - NaN","0.0666666666666667 - 0.209677419354839 - 0.224489795918367 - 0.153846153846154 - 0.178571428571429 - 0.25 - 0.333333333333333 - 0 - NaN - NaN","60 - 62 - 49 - 13 - 28 - 24 - 24 - 2 - 0 - 0","0/60 - 0/62 - 0/49 - 6/13 - 8/28 - 6/24 - 10/24 - 2/2 - NaN/0 - NaN/0"
"2022-03-04 10:52:29",0.703558593102216,0.688690476190476,0.620017496544451,0.610014151361107,0.775386534648249,0.757796541346518,0.172140463980518,0.172140463980518,56,49,60,49,60,"0.0554655568802862 - 0.146787834699208 - 0.238016223382894 - 0.184725029947798 - 0.323805231120119 - 0.41051941792367 - 0.369130040360009 - 0 - NaN - NaN","0.0666666666666667 - 0.209677419354839 - 0.224489795918367 - 0.153846153846154 - 0.178571428571429 - 0.25 - 0.333333333333333 - 0 - NaN - NaN","60 - 62 - 49 - 13 - 28 - 24 - 24 - 2 - 0 - 0","0/60 - 0/62 - 0/49 - 6/13 - 8/28 - 6/24 - 10/24 - 2/2 - NaN/0 - NaN/0"
"2022-03-04 10:21:24",0.702573940723452,0.688690476190476,0.621849209396236,0.610014151361107,0.772374075930994,0.757796541346518,0.172140463980518,0.172140463980518,56,49,60,49,60,"0.0554655568802862 - 0.146787834699208 - 0.238016223382894 - 0.184725029947798 - 0.323805231120119 - 0.41051941792367 - 0.369130040360009 - 0 - NaN - NaN","0.0666666666666667 - 0.209677419354839 - 0.224489795918367 - 0.153846153846154 - 0.178571428571429 - 0.25 - 0.333333333333333 - 0 - NaN - NaN","60 - 62 - 49 - 13 - 28 - 24 - 24 - 2 - 0 - 0","0/60 - 0/62 - 0/49 - 6/13 - 8/28 - 6/24 - 10/24 - 2/2 - NaN/0 - NaN/0"
"2022-03-03 20:22:43",0.698281863475957,0.688690476190476,0.61369073961943,0.610014151361107,0.771254129537549,0.757796541346518,0.172140463980518,0.172140463980518,56,49,60,49,60,"0.0554655568802862 - 0.146787834699208 - 0.238016223382894 - 0.184725029947798 - 0.323805231120119 - 0.41051941792367 - 0.369130040360009 - 0 - NaN - NaN","0.0666666666666667 - 0.209677419354839 - 0.224489795918367 - 0.153846153846154 - 0.178571428571429 - 0.25 - 0.333333333333333 - 0 - NaN - NaN","60 - 62 - 49 - 13 - 28 - 24 - 24 - 2 - 0 - 0","0/60 - 0/62 - 0/49 - 6/13 - 8/28 - 6/24 - 10/24 - 2/2 - NaN/0 - NaN/0"
"2022-03-03 19:20:06",0.698281863475957,0.688690476190476,0.61369073961943,0.610014151361107,0.771254129537549,0.757796541346518,0.172140463980518,0.172140463980518,56,49,60,49,60,"0.0554655568802862 - 0.146787834699208 - 0.238016223382894 - 0.184725029947798 - 0.323805231120119 - 0.41051941792367 - 0.369130040360009 - 0 - NaN - NaN","0.0666666666666667 - 0.209677419354839 - 0.224489795918367 - 0.153846153846154 - 0.178571428571429 - 0.25 - 0.333333333333333 - 0 - NaN - NaN","60 - 62 - 49 - 13 - 28 - 24 - 24 - 2 - 0 - 0","0/60 - 0/62 - 0/49 - 6/13 - 8/28 - 6/24 - 10/24 - 2/2 - NaN/0 - NaN/0"
"2022-03-03 19:06:42",0.698281863475957,0.688690476190476,0.61369073961943,0.610014151361107,0.771254129537549,0.757796541346518,0.172140463980518,0.172140463980518,56,49,60,49,60,"0.0554655568802862 - 0.146787834699208 - 0.238016223382894 - 0.184725029947798 - 0.323805231120119 - 0.41051941792367 - 0.369130040360009 - 0 - NaN - NaN","0.0666666666666667 - 0.209677419354839 - 0.224489795918367 - 0.153846153846154 - 0.178571428571429 - 0.25 - 0.333333333333333 - 0 - NaN - NaN","60 - 62 - 49 - 13 - 28 - 24 - 24 - 2 - 0 - 0","0/60 - 0/62 - 0/49 - 6/13 - 8/28 - 6/24 - 10/24 - 2/2 - NaN/0 - NaN/0"
"2022-03-03 18:53:22",0.698281863475957,0.688690476190476,0.61369073961943,0.610014151361107,0.771254129537549,0.757796541346518,0.172140463980518,0.172140463980518,56,49,60,49,60,"0.0554655568802862 - 0.146787834699208 - 0.238016223382894 - 0.184725029947798 - 0.323805231120119 - 0.41051941792367 - 0.369130040360009 - 0 - NaN - NaN","0.0666666666666667 - 0.209677419354839 - 0.224489795918367 - 0.153846153846154 - 0.178571428571429 - 0.25 - 0.333333333333333 - 0 - NaN - NaN","60 - 62 - 49 - 13 - 28 - 24 - 24 - 2 - 0 - 0","0/60 - 0/62 - 0/49 - 6/13 - 8/28 - 6/24 - 10/24 - 2/2 - NaN/0 - NaN/0"
"2022-03-03 18:40:00",0.698281863475957,0.688690476190476,0.61369073961943,0.610014151361107,0.771254129537549,0.757796541346518,0.172140463980518,0.172140463980518,56,49,60,49,60,"0.0554655568802862 - 0.146787834699208 - 0.238016223382894 - 0.184725029947798 - 0.323805231120119 - 0.41051941792367 - 0.369130040360009 - 0 - NaN - NaN","0.0666666666666667 - 0.209677419354839 - 0.224489795918367 - 0.153846153846154 - 0.178571428571429 - 0.25 - 0.333333333333333 - 0 - NaN - NaN","60 - 62 - 49 - 13 - 28 - 24 - 24 - 2 - 0 - 0","0/60 - 0/62 - 0/49 - 6/13 - 8/28 - 6/24 - 10/24 - 2/2 - NaN/0 - NaN/0"
"2022-03-03 18:20:56",0.698281863475957,0.688690476190476,0.61369073961943,0.610014151361107,0.771254129537549,0.757796541346518,0.172140463980518,0.172140463980518,56,49,60,49,60,"0.0554655568802862 - 0.146787834699208 - 0.238016223382894 - 0.184725029947798 - 0.323805231120119 - 0.41051941792367 - 0.369130040360009 - 0 - NaN - NaN","0.0666666666666667 - 0.209677419354839 - 0.224489795918367 - 0.153846153846154 - 0.178571428571429 - 0.25 - 0.333333333333333 - 0 - NaN - NaN","60 - 62 - 49 - 13 - 28 - 24 - 24 - 2 - 0 - 0","0/60 - 0/62 - 0/49 - 6/13 - 8/28 - 6/24 - 10/24 - 2/2 - NaN/0 - NaN/0"
"2022-03-03 18:05:18",0.705947592380299,0.688690476190476,0.622512835624212,0.610014151361107,0.777531442630907,0.757796541346518,0.172140463980518,0.172140463980518,56,49,60,49,60,"0.0554655568802862 - 0.146787834699208 - 0.238016223382894 - 0.184725029947798 - 0.323805231120119 - 0.41051941792367 - 0.369130040360009 - 0 - NaN - NaN","0.0666666666666667 - 0.209677419354839 - 0.224489795918367 - 0.153846153846154 - 0.178571428571429 - 0.25 - 0.333333333333333 - 0 - NaN - NaN","60 - 62 - 49 - 13 - 28 - 24 - 24 - 2 - 0 - 0","0/60 - 0/62 - 0/49 - 6/13 - 8/28 - 6/24 - 10/24 - 2/2 - NaN/0 - NaN/0"
"2022-03-03 17:43:54",0.706974933613975,0.688690476190476,0.629286142490319,0.610014151361107,0.774224113735058,0.757796541346518,0.172140463980518,0.172140463980518,56,49,60,49,60,"0.0554655568802862 - 0.146787834699208 - 0.238016223382894 - 0.184725029947798 - 0.323805231120119 - 0.41051941792367 - 0.369130040360009 - 0 - NaN - NaN","0.0666666666666667 - 0.209677419354839 - 0.224489795918367 - 0.153846153846154 - 0.178571428571429 - 0.25 - 0.333333333333333 - 0 - NaN - NaN","60 - 62 - 49 - 13 - 28 - 24 - 24 - 2 - 0 - 0","0/60 - 0/62 - 0/49 - 6/13 - 8/28 - 6/24 - 10/24 - 2/2 - NaN/0 - NaN/0"
"2022-03-03 16:39:17",0.651995941251048,0.68841458484922,0.571030233103255,0.601204954740659,0.72503830187739,0.764038081457796,0.163086364467043,0.163086364467043,51,46,55,59,63,"0.0526431345637072 - 0.148355625549206 - 0.22583986720633 - 0.31337374666133 - 0.395954274804688 - 0.286163494211005 - 0.465893527511168 - 0 - NaN - NaN","0.0454545454545455 - 0.206349206349206 - 0.0769230769230769 - 0.194444444444444 - 0.210526315789474 - 0.217391304347826 - 0.478260869565217 - 0 - NaN - NaN","44 - 63 - 39 - 36 - 38 - 23 - 23 - 1 - 0 - 0","0/44 - 0/63 - 3/39 - 4/36 - 4/38 - 11/23 - 6/23 - 1/1 - NaN/0 - NaN/0"
"2022-03-03 15:35:12",0.66910867936107,0.68841458484922,0.586770201081919,0.601204954740659,0.742247632118195,0.764038081457796,0.163086364467043,0.163086364467043,51,46,55,59,63,"0.0526431345637072 - 0.148355625549206 - 0.22583986720633 - 0.31337374666133 - 0.395954274804688 - 0.286163494211005 - 0.465893527511168 - 0 - NaN - NaN","0.0454545454545455 - 0.206349206349206 - 0.0769230769230769 - 0.194444444444444 - 0.210526315789474 - 0.217391304347826 - 0.478260869565217 - 0 - NaN - NaN","44 - 63 - 39 - 36 - 38 - 23 - 23 - 1 - 0 - 0","0/44 - 0/63 - 3/39 - 4/36 - 4/38 - 11/23 - 6/23 - 1/1 - NaN/0 - NaN/0"
"2022-03-03 14:28:24",0.63995328196887,0.68841458484922,0.499902699470195,0.601204954740659,0.759640936231642,0.764038081457796,0.163086364467043,0.163086364467043,51,46,55,59,63,"0.0526431345637072 - 0.148355625549206 - 0.22583986720633 - 0.31337374666133 - 0.395954274804688 - 0.286163494211005 - 0.465893527511168 - 0 - NaN - NaN","0.0454545454545455 - 0.206349206349206 - 0.0769230769230769 - 0.194444444444444 - 0.210526315789474 - 0.217391304347826 - 0.478260869565217 - 0 - NaN - NaN","44 - 63 - 39 - 36 - 38 - 23 - 23 - 1 - 0 - 0","0/44 - 0/63 - 3/39 - 4/36 - 4/38 - 11/23 - 6/23 - 1/1 - NaN/0 - NaN/0"
"2022-03-03 14:14:50",0.657138928916867,0.68841458484922,0.520746828053652,0.601204954740659,0.771729940923762,0.764038081457796,0.163086364467043,0.163086364467043,51,46,55,59,63,"0.0526431345637072 - 0.148355625549206 - 0.22583986720633 - 0.31337374666133 - 0.395954274804688 - 0.286163494211005 - 0.465893527511168 - 0 - NaN - NaN","0.0454545454545455 - 0.206349206349206 - 0.0769230769230769 - 0.194444444444444 - 0.210526315789474 - 0.217391304347826 - 0.478260869565217 - 0 - NaN - NaN","44 - 63 - 39 - 36 - 38 - 23 - 23 - 1 - 0 - 0","0/44 - 0/63 - 3/39 - 4/36 - 4/38 - 11/23 - 6/23 - 1/1 - NaN/0 - NaN/0"
