"time","user","os","ds1","ds2","ds3","ds4","ds5"
"2022-03-15 17:18:00","daniel","5.16.2-arch1-1",500690,334635,6641313,47,9010512
"2022-03-15 17:02:00","daniel","5.16.2-arch1-1",500690,334635,6641313,47,9010512
"2022-03-15 16:48:34","daniel","5.16.2-arch1-1",500690,334635,6641313,47,9010512
"2022-03-15 13:52:18","daniel","5.16.2-arch1-1",500690,334635,6641313,47,9010512
"2022-03-15 13:36:19","daniel","5.16.2-arch1-1",500690,334635,6641313,47,9010512
"2022-03-15 09:34:32","daniel","5.16.2-arch1-1",500690,334635,6641313,47,9010512
"2022-03-14 13:57:42","runner","5.11.0-1028-azure",500690,334635,6641313,47,9010512
"2022-03-09 22:18:12","runner","5.11.0-1028-azure",500690,334635,6641313,47,9010512
"2022-03-09 17:26:34","runner","5.11.0-1028-azure",500690,334635,6641313,47,9010512
"2022-03-09 17:55:36","daniel","5.16.2-arch1-1",500690,334635,6641313,47,9010512
"2022-03-09 16:32:17","runner","5.11.0-1028-azure",500690,334635,6641313,47,9010512
"2022-03-09 15:55:08","runner","5.11.0-1028-azure",500690,334635,6641313,47,9010512
"2022-03-09 16:23:07","daniel","5.16.2-arch1-1",500690,334635,6641313,47,9010512
"2022-03-09 16:02:57","daniel","5.16.2-arch1-1",500690,334635,6641313,47,9010512
"2022-03-09 15:46:54","daniel","5.16.2-arch1-1",500690,334635,6641313,47,9010512
"2022-03-09 08:01:42","runner","5.11.0-1028-azure",500690,334635,6641313,47,9010512
"2022-03-07 13:49:50","runner","5.11.0-1028-azure",500690,334635,6641313,47,9010512
"2022-03-07 11:31:03","runner","5.11.0-1028-azure",500690,334635,6641313,47,9010512
"2022-03-07 11:28:14","daniel","5.16.2-arch1-1",500690,334635,6641313,47,9010512
